,x,y
0,0.0,0.0
1,-0.005711970114763194,-0.01910256536667397
2,-0.01640643441365752,-0.03815593073595425
3,-0.03205069009187708,-0.057106825707519335
4,-0.05259475988606946,-0.07589448677230748
5,-0.0779701161278319,-0.09444663052839761
6,-0.10808770079525298,-0.11267434117917911
7,-0.14283498806672407,-0.13046538427499996
8,-0.1820717391194277,-0.1476753136671368
9,-0.22562399605418582,-0.16411556168676436
10,-0.2732757841548016,-0.17953751824586017
11,-0.32475801724766284,-0.19361148209685136
12,-0.3797343979011853,-0.20589946745224838
13,-0.43778499569497675,-0.21582150264800157
14,-0.4983902153565408,-0.22261687891033352
15,-0.5609217602825325,-0.22530579891210664
16,-0.6246534652006462,-0.2226643680018786
17,-0.6888125141163973,-0.21323795111556754
18,-0.7526954288531165,-0.19543389040819598
19,-0.8158610249804191,-0.16774972261266255
20,-0.8783663827513837,-0.12919819805380164
21,-0.9409221250451826,-0.07997779750130769
22,-1.0047347995060645,-0.022408522429384767
23,-1.0707627471716945,0.03790515166760178
24,-1.1383334173103183,0.09094726104475993
25,-1.2039510488346965,0.12225342819957025
26,-1.2626615637970524,0.11650480020854695
27,-1.3133259629848746,0.06706684338202591
28,-1.3612527360290418,-0.012235038558747883
29,-1.4093214272711898,-0.08331138434879586
30,-1.4493589355412941,-0.09827053768540694
31,-1.476830679398754,-0.03826238319387117
32,-1.5013382411799272,0.05310931215713217
33,-1.5201890516630154,0.0939263388994448
34,-1.5240335009910815,0.04145918624736271
35,-1.5233593582125942,-0.05291288684094811
36,-1.5165671530033717,-0.0940605425646959
37,-1.4948939862967352,-0.04289294055972839
38,-1.4691258868020505,0.048556270769307255
39,-1.439406848074903,0.10101722790636404
40,-1.396908620562914,0.07908736792868566
41,-1.3475221929781969,0.006116010094586623
42,-1.2985375392620078,-0.07147237084227781
43,-1.2466362272785725,-0.11891934163954052
44,-1.1869204328543224,-0.12442963359703686
45,-1.120604263089996,-0.09465065404364693
46,-1.0523675803050592,-0.04380126729709245
47,-0.9856201345728419,0.014785465475755403
48,-0.9212236103202659,0.07180203613743613
49,-0.8584741469298535,0.12190994016030207
50,-0.7963084254864208,0.1627271421301958
51,-0.7339987543287653,0.19379952264874334
52,-0.67135451740723,0.21578514521434417
53,-0.6086404197504591,0.2298704509290689
54,-0.546398583856961,0.2373915386693081
55,-0.48528352589749485,0.2396186181919868
56,-0.42594990287519313,0.23765590748447246
57,-0.3689926408783089,0.23241310613106347
58,-0.3149242031004618,0.22461496501037842
59,-0.2641731479312431,0.21482712639912818
60,-0.21709254925191637,0.20348589826215582
61,-0.17397152875680963,0.19092599656824066
62,-0.13504652301049924,0.17740399750172817
63,-0.10051092130336664,0.16311713922616441
64,-0.0705227549847793,0.1482179437463431
65,-0.04521058522821275,0.13282539911330896
66,-0.024677896725730283,0.11703344973313455
67,-0.009006321274345423,0.1009174476566899
68,0.00174202637954,0.08453909828883827
69,0.007522876209301924,0.06795032388499163
70,0.00830862687658862,0.05119637977402894
71,0.004087548903724325,0.03431849413329228
72,-0.005136707036473866,0.017356261572589547
73,-0.019345332648834042,0.00035000255645233937
74,-0.03850431462408253,-0.016656695374064234
75,-0.06256407733663029,-0.03361401095156258
76,-0.09145872913490241,-0.05046219834102558
77,-0.1251047667152082,-0.0671267847232854
78,-0.16339901519780217,-0.08351213894150478
79,-0.206215483095788,-0.09949271462965843
80,-0.25340069414402133,-0.11490104009210259
81,-0.3047669424658829,-0.1295112592789299
82,-0.3600828663349826,-0.14301678458670522
83,-0.4190609005963003,-0.15500056773915202
84,-0.48134187032466275,-0.16489700774010438
85,-0.5464788266800834,-0.1719463700766268
86,-0.6139261204658853,-0.1751472086953357
87,-0.6830465745771803,-0.17322189190301107
88,-0.7531589096943982,-0.16462759509703553
89,-0.823653616169165,-0.1476713130689947
90,-0.8941917347728146,-0.12081860149763873
91,-0.9649386790133838,-0.08330874158983032
92,-1.0366523962543863,-0.036182055496309894
93,-1.1102865431459064,0.016248400593380716
94,-1.1858113431259358,0.06472399507779611
95,-1.2607584626650106,0.0943476710214398
96,-1.3309386390072595,0.08815550061680057
97,-1.395492504784686,0.03909917997048269
98,-1.4590488480565582,-0.03288087887429812
99,-1.520920790472899,-0.07629586885922512
100,-1.5731295964959497,-0.043007666188891736
101,-1.6207392428529361,0.039512929466016845
102,-1.6627154155940156,0.06262987620496775
103,-1.6936990868556974,-0.015619739141045476
104,-1.719824763213067,-0.06226322268432606
105,-1.7331726693911773,0.013436442955595046
106,-1.740676406080818,0.05999469722718659
107,-1.735300461236075,-0.01975983335643658
108,-1.7236290642821297,-0.05943961282988534
109,-1.6996759991607107,0.020376196458271267
110,-1.670480062725578,0.06520118105518395
111,-1.6292350095469108,-0.0003403893807411452
112,-1.5852282217396783,-0.06903508993592822
113,-1.5312511592316937,-0.052040033198752764
114,-1.4718477831525838,0.021342500354775126
115,-1.4116734825396267,0.0792835291844956
116,-1.3450010018472758,0.08508167613098583
117,-1.2725342785799931,0.04610340180703545
118,-1.1997332821731004,-0.01209050994237297
119,-1.1285369253540387,-0.06752192338463354
120,-1.0574536382187387,-0.10825211711448585
121,-0.9848396585101545,-0.13079599044385132
122,-0.91046893236403,-0.13669457751005984
123,-0.8352851372031734,-0.12955767975240215
124,-0.760626641975799,-0.11321226238480056
125,-0.6876950421948216,-0.09086453300236128
126,-0.6173725055829737,-0.06489962220740504
127,-0.550239726678586,-0.03697166327365743
128,-0.4866584453222046,-0.008176686817935487
129,-0.4268518014979546,0.020782947103998542
130,-0.37096269601985016,0.04947002856620808
131,-0.3190904496674247,0.07762061114631694
132,-0.2713115795743355,0.10508132657290901
133,-0.22769040717538958,0.13176773036832504
134,-0.18828367042401697,0.15763703673872817
135,-0.15314182292391562,0.18267041830302005
136,-0.12230861846382783,0.2068615489049933
137,-0.09581987825158161,0.23020916392681182
138,-0.07370191298666913,0.2527121663996985
139,-0.055969824566859665,0.2743663093757631
140,-0.04262577242853536,0.2951618129633346
141,-0.03365721201364913,0.3150814853070506
142,-0.029035070187119386,0.33409905015701963
143,-0.0287117987632923,0.35217746606354505
144,-0.03261923419769896,0.36926707135446807
145,-0.040666185407415976,0.385303416970601
146,-0.052735672724113294,0.4002046648186923
147,-0.06868175271059335,0.4138684401468785
148,-0.08832589344669393,0.42616804058480795
149,-0.11145292528155748,0.43694793206162685
150,-0.13780670134797565,0.4460185167693044
151,-0.16708578513009276,0.4531502599006959
152,-0.1989397680773003,0.45806743500453284
153,-0.232967233889608,0.4604420208399653
154,-0.26871693039426864,0.45988867947821926
155,-0.30569433067920704,0.45596226825974495
156,-0.34337630103850486,0.4481599387216018
157,-0.38123672617657073,0.4359304195847974
158,-0.4187851940681178,0.41869332797520825
159,-0.4556186975196275,0.39587099506610324
160,-0.4914825206160321,0.36693410142041055
161,-0.5263314979014826,0.3314605066195485
162,-0.5603780450464818,0.2892047297687249
163,-0.5941106441219149,0.2401748602267268
164,-0.628266967198693,0.18471557437671968
165,-0.6637486267724437,0.12360089308837913
166,-0.7014667596420248,0.058147124498510824
167,-0.7421071235378662,-0.009638594282657113
168,-0.7858045563380402,-0.07686349009082005
169,-0.8317397831551464,-0.13952790508140078
170,-0.8777605766502143,-0.19238049646416935
171,-0.9203252315605016,-0.22910450259163265
172,-0.9552639545348287,-0.24322178248878806
173,-0.9795929452740296,-0.2299030695688516
174,-0.9934935173144473,-0.18809027776550258
175,-1.0006277072359142,-0.12163601901665876
176,-1.006063590124576,-0.038771609377970875
177,-1.0132323431539478,0.04940734993221946
178,-1.0218173525838903,0.13048953505159902
179,-1.0276156363194844,0.19233408209749228
180,-1.0247538467678339,0.22529847416963172
181,-1.0094640115152884,0.22487758044802317
182,-0.9826465414194988,0.19301641141980222
183,-0.9489192518950664,0.13674249299042904
184,-0.9134860091398126,0.06520982216314297
185,-0.8797327682078656,-0.012751080465980094
186,-0.8485886309620099,-0.08978241487053083
187,-0.8190373195440389,-0.16026561573681813
188,-0.7890314830631044,-0.22027357890573518
189,-0.7564101931171276,-0.26747375357758296
190,-0.7196106435078685,-0.3009975288526495
191,-0.6780372507611037,-0.3212110338643191
192,-0.6320565266178633,-0.32936960834286316
193,-0.5827249452132768,-0.32721959813955204
194,-0.5314304221414439,-0.31664369371778145
195,-0.47959336282884657,-0.2994141681693152
196,-0.4284857526730429,-0.2770636649437116
197,-0.3791573444345845,-0.250846355002556
198,-0.3324309172132616,-0.22175279616207308
199,-0.2889308667296599,-0.19054887166370232
200,-0.24912175560919092,-0.15782047499869375
201,-0.21334489613942542,-0.12401483287840992
202,-0.18184841555504808,-0.08947511096719704
203,-0.15481007182030507,-0.05446792283050116
204,-0.13235367315731064,-0.019204627319513265
205,-0.11456038293946828,0.016142329663596015
206,-0.1014761140597838,0.051426802607588036
207,-0.0931159669450146,0.08651900751298341
208,-0.08946639087417857,0.12129739300704863
209,-0.09048550306802432,0.15564162249758226
210,-0.0961017962172411,0.18942609243271
211,-0.10621129979350807,0.22251349680905835
212,-0.12067312924818831,0.2547480030372696
213,-0.1393032620744288,0.28594764292500435
214,-0.1618663359396763,0.31589556530596014
215,-0.1880653084562837,0.3443298753026427
216,-0.21752901945900352,0.370931948694324
217,-0.24979816591804488,0.3953134323430701
218,-0.28431109001914123,0.4170027233862923
219,-0.32039225393947457,0.4354326711191153
220,-0.3572483896916274,0.4499326283386184
221,-0.39397978881426393,0.4597296789143232
222,-0.4296160552812087,0.46396539061926806
223,-0.46318493136589084,0.46173472868077287
224,-0.493816960641557,0.4521513184201093
225,-0.5208763452333789,0.43443696442521174
226,-0.544091999548996,0.40802408869684925
227,-0.5636507135713725,0.37265154116969323
228,-0.5802166169664892,0.3284328518232455
229,-0.5948609438292514,0.2758846642205271
230,-0.6089138856111005,0.21591866207980465
231,-0.6237696122319526,0.1498146647148657
232,-0.6406762642142911,0.07919869485333876
233,-0.6605285034437934,0.006046071875322318
234,-0.6836642194166433,-0.06728187910032221
235,-0.7096642336518347,-0.13797701776929286
236,-0.737177850719579,-0.20273648911107472
237,-0.7638560827118313,-0.2578038640814946
238,-0.7865503757291803,-0.299212068027587
239,-0.8019420621688772,-0.3233222456768611
240,-0.8075656075210216,-0.32760445932639737
241,-0.8027884881573264,-0.3113553340121053
242,-0.7891107501760488,-0.27593875293787
243,-0.7695509394516268,-0.22439450616021125
244,-0.7475500988117724,-0.1606791931427532
245,-0.7260239946086767,-0.08895134498090009
246,-0.7068656427921105,-0.013129422157954571
247,-0.6908412413177412,0.06328378440082622
248,-0.6777058636746706,0.13722265187728536
249,-0.6664151922247669,0.20603469318185835
250,-0.6553873131426571,0.26747820841618725
251,-0.6428085843097445,0.319766604819978
252,-0.6269708089595591,0.36164804019496044
253,-0.6065914938894225,0.392481086159902
254,-0.5810400512632202,0.4122571674571443
255,-0.5504053739394053,0.42153777966353895
256,-0.5153976279533659,0.42131210686349113
257,-0.47714147060754836,0.4128147204188166
258,-0.43694533213901504,0.39735252391226616
259,-0.39611303453877017,0.3761749088410767
260,-0.35582489434819303,0.3503971853147674
261,-0.3170833536570814,0.32096958677744747
262,-0.2807036827186016,0.2886771097065012
263,-0.2473295653793678,0.2541561900933065
264,-0.21745872165041316,0.2179181584149927
265,-0.19146976408021954,0.1803735093179993
266,-0.1696460234963951,0.14185406957071658
267,-0.15219483618649798,0.10263203503600421
268,-0.13926219413648705,0.06293586156745144
269,-0.13094323798084703,0.022963463790386072
270,-0.1272892026118524,-0.017106652699746032
271,-0.1283113424945256,-0.057105669746762296
272,-0.13398219354499014,-0.09686551241942619
273,-0.1442343317937478,-0.13621008077424301
274,-0.15895659423142158,-0.17494607984255978
275,-0.17798755255674856,-0.21285288640939967
276,-0.20110590251710433,-0.24967091767414243
277,-0.22801740371115037,-0.2850880427117625
278,-0.25833818115737184,-0.3187237740879635
279,-0.29157476211330713,-0.35011141148032515
280,-0.3271024452674095,-0.3786791538644862
281,-0.3641458188297743,-0.40373265785531665
282,-0.4017686741894529,-0.4244437381819411
283,-0.4388848493368631,-0.43985271056859176
284,-0.4743049985938959,-0.44889436121799176
285,-0.5068332451640352,-0.4504576539768966
286,-0.5354171933170008,-0.4434841911593026
287,-0.5593325332085161,-0.4270983859311331
288,-0.5783560511202274,-0.4007460977289107
289,-0.5928657305917208,-0.36430716349950715
290,-0.6038211640147031,-0.31815125224491436
291,-0.6126198727331728,-0.26312754126726995
292,-0.6208696332683896,-0.2005054474056882
293,-0.6301352143832053,-0.1319001911536771
294,-0.6417040611856593,-0.059216185472653976
295,-0.6563866661163652,0.015372403617385056
296,-0.6743460810261492,0.0894031023849807
297,-0.6949516610783908,0.16008778996024597
298,-0.7166804796544398,0.22429915395464198
299,-0.737142391603112,0.27864984686800987
300,-0.7533529288612704,0.3197464084513422
301,-0.7623477653445938,0.3446593480182662
302,-0.762042818806778,0.3515208507606935
303,-0.7519653645136194,0.3399986983230338
304,-0.7334148311113811,0.31137419658863985
305,-0.7089518628883199,0.26816951692248653
306,-0.6815590249299173,0.21354253884231514
307,-0.6539191181847525,0.15073747643374713
308,-0.62802384979928,0.08274517211342115
309,-0.6050763661944469,0.012169333183245295
310,-0.5855588815281483,-0.058776599011196466
311,-0.5693599766280778,-0.1282162182062175
312,-0.5559087123645629,-0.19454874767109054
313,-0.5443016593858028,-0.25640386976160007
314,-0.5334275503755116,-0.3126218098488497
315,-0.5220974779547208,-0.3622581734158931
316,-0.5091819268348556,-0.40460621302529487
317,-0.4937445497057932,-0.43922403410004734
318,-0.4751526251883673,-0.4659519077471647
319,-0.45314203769932354,-0.4849071918661774
320,-0.42782347731787335,-0.49645157650243465
321,-0.3996328537524752,-0.5011347564544509
322,-0.36924413933026823,-0.49962584933709125
323,-0.3374695615300027,-0.4926459069074071
324,-0.30516882209963675,-0.48091189360330705
325,-0.27317994761255937,-0.46509712986125995
326,-0.242274971039145,-0.4458082378076329
327,-0.21313729518269012,-0.4235755881379286
328,-0.186354896550481,-0.39885320725510637
329,-0.1624234583013627,-0.3720243976080324
330,-0.14175472199311215,-0.34341020713731474
331,-0.12468683791289735,-0.3132788463743949
332,-0.11149477521249691,-0.2818549506783372
333,-0.1023997729305111,-0.2493281576838059
334,-0.09757739333114221,-0.21586084255387125
335,-0.09716406115171573,-0.1815950809864155
336,-0.10126211872464234,-0.1466590462459297
337,-0.10994345987237461,-0.11117313524485292
338,-0.12325176421330607,-0.07525619220023766
339,-0.1412032577019071,-0.03903228068622631
340,-0.16378577964563015,-0.0026385648953224355
341,-0.19095573564284182,0.03376498579178008
342,-0.2226322497467359,0.06998314687413926
343,-0.2586874930131476,0.10576905783078892
344,-0.2989317824376465,0.14080243172472107
345,-0.343091713153458,0.17466064485990904
346,-0.39077957981587486,0.20678105261311255
347,-0.44145327610282237,0.23641371358650687
348,-0.4943689228942306,0.26256624707980697
349,-0.5485355290398589,0.28394826791433203
350,-0.6026938972486904,0.29893338452721613
351,-0.6553597978816174,0.30557222522275057
352,-0.7049842717029136,0.301705040524375
353,-0.7502673555383093,0.28522205740106227
354,-0.7905868124178371,0.2544834908563621
355,-0.8263797259409313,0.20883754904328714
356,-0.8592290559957116,0.14911092687286184
357,-0.8914665350193864,0.0779638697820855
358,-0.925292322828209,0.00010356355089060146
359,-0.9615969120460487,-0.0775829657043878
360,-0.9988346348586316,-0.1460439527779198
361,-1.0326358823570707,-0.19468109890270702
362,-1.0572455424451677,-0.21337726088511105
363,-1.0690739578284498,-0.19610326108543863
364,-1.0697865963112916,-0.14421327512711812
365,-1.0652813023966161,-0.06670809012739651
366,-1.0611463542298842,0.022496729972923166
367,-1.0587344831267251,0.10786549531833002
368,-1.0544408728424044,0.17491041868636356
369,-1.0423102166958744,0.21280318315070354
370,-1.0183739425669476,0.21690668452103398
371,-0.9833957997994662,0.1895732264395267
372,-0.9418072581070874,0.13815475822428713
373,-0.8985740896877468,0.0717173031036203
374,-0.8569681762803633,-0.0013955026260033775
375,-0.8180806887410048,-0.07455224786738265
376,-0.7813442248907412,-0.14292459771470736
377,-0.7453168721608274,-0.20327174856505076
378,-0.7083834736179799,-0.2536932355987129
379,-0.6692587334868911,-0.29340256325638603
380,-0.627256847576629,-0.32249785914469936
381,-0.5823387537456097,-0.3417133262052523
382,-0.5349957343790444,-0.35216673010135774
383,-0.486056184691869,-0.3551358447199301
384,-0.43649409929215954,-0.3518907219811216
385,-0.3872846430183622,-0.3435897880371846
386,-0.3393178156820241,-0.3312309770656468
387,-0.29336029372337435,-0.31564139674108377
388,-0.25004888033829936,-0.2974892485391883
389,-0.2099008064736681,-0.27730579305559555
390,-0.17333075093475414,-0.25550975994621633
391,-0.14066878186507745,-0.23243022084841677
392,-0.11217646206752166,-0.2083262817751936
393,-0.08806015543633548,-0.1834032574787365
394,-0.06848148647985497,-0.15782561909085285
395,-0.05356529162618436,-0.13172724737652197
396,-0.04340550708327888,-0.10521956865422
397,-0.03806941177259706,-0.07839811093034439
398,-0.03760056450605823,-0.051347954072756316
399,-0.04202067960180185,-0.024148489729786067
400,-0.051330588834130705,0.0031221317856830974
401,-0.06551034211001575,0.030382502518400103
402,-0.08451840046490824,0.05754302218935392
403,-0.10828976572870351,0.08450009130298286
404,-0.13673276347992636,0.11112890421714144
405,-0.16972404358415297,0.1372741818998885
406,-0.20710118744894082,0.1627380137157049
407,-0.24865213553861337,0.18726378898659035
408,-0.2941005419981335,0.2105150502464443
409,-0.3430862906136558,0.2320481282345561
410,-0.39514110841613653,0.25127790905949604
411,-0.44966110421340294,0.26743756558268766
412,-0.505882058038971,0.2795364075536297
413,-0.5628703139552652,0.2863262351063068
414,-0.6195519122457006,0.28629635068414755
415,-0.6748110177179864,0.2777292239947728
416,-0.7276845392283413,0.25885670338336986
417,-0.7776460961983184,0.22814973700422453
418,-0.824900929851517,0.18474463608011674
419,-0.8705292621937445,0.12896669539575745
420,-0.9162793680218041,0.06289212646176762
421,-0.9638697147025047,-0.009086751937276934
422,-1.0138158172279372,-0.07972352369068311
423,-1.0641233333991889,-0.13864033131577905
424,-1.1098931425556398,-0.1731454699286821
425,-1.1455469058901588,-0.1715492408839863
426,-1.1695852993270912,-0.12909282021968518
427,-1.1869121644211122,-0.05294532363401644
428,-1.2040809555016365,0.03784031248660483
429,-1.2215672249868699,0.11691473204965823
430,-1.2319255456221465,0.15819318452988432
431,-1.227910702654704,0.14664275930691786
432,-1.2118509885082547,0.0867575291956089
433,-1.1925073332647382,-0.00032256129857506644
434,-1.1743945993786538,-0.08763495138059663
435,-1.1538600327870188,-0.15172234839309776
436,-1.1242367345003808,-0.1785486649185988
437,-1.0830646221961933,-0.1661738067035705
438,-1.0338390570504816,-0.12250338650763873
439,-0.9821557040044702,-0.059599214397698407
440,-0.9318663899423943,0.011121252766206315
441,-0.8840574152302153,0.08093025370679591
442,-0.8378542678512678,0.143995270188372
443,-0.7916151974876562,0.19694357013409722
444,-0.7438541493800485,0.23832759331814726
445,-0.6937324994637286,0.26811085625698833
446,-0.6411630037524558,0.2871847058303033
447,-0.5866602162659083,0.29694003626107046
448,-0.5310930283857718,0.2989314147748335
449,-0.4754560291790042,0.2946538184017177
450,-0.42071280563137814,0.28542343239201584
451,-0.3677141012433121,0.2723353578627269
452,-0.31717051851441913,0.25626787458550226
453,-0.26965649487846044,0.23790920190758746
454,-0.22562814013206464,0.21779140181639317
455,-0.18544458925516522,0.1963232664672496
456,-0.14938782173556356,0.17381873140767182
457,-0.1176790770300775,0.1505199550445476
458,-0.09049161081028037,0.1266154294379031
459,-0.06796021590590912,0.10225394045469838
460,-0.050188125632569934,0.07755526870393067
461,-0.037251891704344786,0.052618437883480716
462,-0.029204722717961908,0.027528186563528886
463,-0.02607864611682175,0.00236021424043231
464,-0.027885741215496695,-0.022814347099340413
465,-0.034618588942490744,-0.04792485265307065
466,-0.046249992666766736,-0.07289710825388092
467,-0.06273193768540145,-0.09764903437699674
468,-0.08399366759629388,-0.12208566031109262
469,-0.10993865737511559,-0.1460930190510443
470,-0.1404401516644298,-0.16953042266676674
471,-0.17533481553347754,-0.1922204795558714
472,-0.21441393236818226,-0.21393608466355135
473,-0.2574115310625764,-0.23438351269329594
474,-0.3039889475128985,-0.25318076544677637
475,-0.3537158508156913,-0.2698306549628566
476,-0.40604908949185053,-0.28368908426230177
477,-0.460313423001928,-0.2939311609805697
478,-0.5156929090344874,-0.2995218512871353
479,-0.5712484088049183,-0.29920439117162845
480,-0.6259832478875216,-0.291528103259917
481,-0.6789792718347963,-0.27494459357181394
482,-0.7296086044287869,-0.24800115223840552
483,-0.7777833000082457,-0.20964569948407466
484,-0.8241429183302236,-0.15963027090535487
485,-0.8700314820319889,-0.09897765372325634
486,-0.9171195970355732,-0.030481438504352393
487,-0.9665986191434285,0.040768502308396404
488,-1.0180326943764362,0.10690015341486045
489,-1.0683441751137281,0.1571956855807693
490,-1.112158459882469,0.17947153153912943
491,-1.1449016459041446,0.16409613447680302
492,-1.1671975375278858,0.10977885734447403
493,-1.185099360537183,0.027113621046774842
494,-1.2039203433190482,-0.06283475735911448
495,-1.221635693545605,-0.1335614379792702
496,-1.2297701019883411,-0.16121302013456698
497,-1.2230837040900402,-0.135497275102967
498,-1.2064489171596804,-0.06586318355584024
499,-1.1884513615774397,0.024083023955188354
500,-1.1714237280931432,0.1074967599166023
501,-1.1501256079670197,0.16268543929227833
502,-1.1183261205363644,0.1784704936383611
503,-1.0752736671105563,0.1559022861863683
504,-1.0256103503426741,0.10477724743302169
505,-0.9748276640535173,0.03765310393475095
506,-0.9260163382305785,-0.03437636356399022
507,-0.8795124228612448,-0.10315865860699945
508,-0.8339837947076978,-0.16344449063379374
509,-0.7876553618281301,-0.21240089456719444
510,-0.7391599449854612,-0.24906845830812452
511,-0.6879175886725641,-0.27382793229934627
512,-0.6341268610986767,-0.28789209361604545
513,-0.5785360627495191,-0.2928661154653785
514,-0.5221632163848838,-0.29042112565691797
515,-0.4660717142023384,-0.28209451245933165
516,-0.4112354353643046,-0.26919745986347327
517,-0.358480760633013,-0.2527949704739389
518,-0.3084777482260798,-0.23372545624397997
519,-0.26175580419773076,-0.2126365128101261
520,-0.21872776776968694,-0.19002333685704487
521,-0.1797139549486879,-0.16626337733311655
522,-0.1449626538198836,-0.14164503386737054
523,-0.11466621734999562,-0.11639033808295546
524,-0.08897308456744982,-0.09067242945340778
525,-0.0679964558262156,-0.0646288718131237
526,-0.05182037432618726,-0.03837180646740349
527,-0.04050384978392101,-0.0119957893403419
528,-0.03408350760085699,0.01441600011589266
529,-0.03257510101795925,0.0407866259372805
530,-0.03597409682391629,0.06704088619546927
531,-0.044255435995732284,0.09310103797586601
532,-0.057372472908575035,0.11888239640597378
533,-0.07525500298007014,0.14428844385207046
534,-0.09780619225710736,0.169205051669539
535,-0.12489811998485109,0.19349335552425956
536,-0.1563655398472658,0.21698074236679568
537,-0.19199737470187908,0.2394493180758957
538,-0.23152542866625783,0.26062116543730884
539,-0.2746099267588299,0.2801397478812815
540,-0.3208219611004506,0.2975471100689447
541,-0.3696240465198278,0.31225732441804477
542,-0.4203522136056031,0.32352832013016514
543,-0.47220684404541613,0.3304372856203264
544,-0.524264768918897,0.33186957946179363
545,-0.5755305033755685,0.3265370713700485
546,-0.6250454812175097,0.31304686806016657
547,-0.6720631834533096,0.2900409336939658
548,-0.7162683060485907,0.2564160909135481
549,-0.7579733181461389,0.21161235014085236
550,-0.7981879165605228,0.1559370336519579
551,-0.8384552161008718,0.09089209035039608
552,-0.8803905402332938,0.019498931867494285
553,-0.9249253507509974,-0.05336199453185071
554,-0.9713650840128375,-0.12063929546666965
555,-1.0166389911471663,-0.1731174834429013
556,-1.0556387917000392,-0.20046720895160092
557,-1.0836617646572353,-0.19414149823932222
558,-1.100096258156924,-0.15154661954627804
559,-1.1095745473710072,-0.078754768018989
560,-1.1182967346479973,0.010311314431649843
561,-1.1285875896254929,0.09703320941853286
562,-1.1364221331077078,0.16191692450280107
563,-1.1343786643998421,0.1894873923098708
564,-1.1184238152730108,0.1738330390424802
565,-1.091764375642037,0.12075480442123163
566,-1.0614087053059538,0.0440194565322749
567,-1.0323020173903796,-0.04058286979031552
568,-1.0047990498255108,-0.11919035102661282
569,-0.975768551375095,-0.18157612262294434
570,-0.9412834328539116,-0.22183946101887453
571,-0.8990556026769893,-0.23846595458886996
572,-0.8493792352751699,-0.23352770461267244
573,-0.7944762653912407,-0.21117735649848512
574,-0.737200326427619,-0.17611303364946662
575,-0.6800570824644286,-0.13257115604457748
576,-0.6248191286646247,-0.08392282117674704
577,-0.5725461679079433,-0.032660036927079
578,-0.5237607100715587,0.01945410019965418
579,-0.4786339276964827,0.07120498351063856
580,-0.43712995347150463,0.1217704619267806
581,-0.3991033757360315,0.17060191782999096
582,-0.36435988846669054,0.2173388424308505
583,-0.33269170279828186,0.26174918321657326
584,-0.30389687801744425,0.30368818542565945
585,-0.2777888613957685,0.3430700797915325
586,-0.2542002772660218,0.3798485694135361
587,-0.23298346780566753,0.4140033204729759
588,-0.2140093011409718,0.44553055755936266
589,-0.1971651498441272,0.4744364802408509
590,-0.182352569669132,0.5007326331018139
591,-0.1694849835409836,0.5244326400745005
592,-0.15848554155891406,0.5455499007156783
593,-0.14928524836135135,0.5640959719241736
594,-0.14182140283769915,0.5800794439834718
595,-0.13603636863721807,0.5935051782867896
596,-0.13187667918656043,0.604373814573795
597,-0.12929247308027086,0.6126814838580344
598,-0.1282372517323624,0.618419683352737
599,-0.12866794919391236,0.6215752842236986
600,-0.13054530287687247,0.6221306536933584
601,-0.13383451284893402,0.6200638811433052
602,-0.13850617594441203,0.6153491043460314
603,-0.14453747894316,0.6079569375631639
604,-0.15191363242011907,0.5978550086863801
605,-0.16062952356989993,0.5850086186300342
606,-0.17069156239340366,0.5693815437295776
607,-0.18211969104272158,0.5509370121557736
608,-0.1949495205495567,0.5296388999606001
609,-0.20923455178403802,0.5054532136318872
610,-0.2250484265378097,0.4783499572554641
611,-0.24248713673336653,0.4483055283779894
612,-0.2616710889350442,0.41530585452598723
613,-0.2827468673063771,0.3793505826290995
614,-0.3058884437623088,0.3404587821167013
615,-0.33129742111067595,0.29867684277911977
616,-0.35920161789802124,0.2540895752913422
617,-0.38985084050170643,0.20683600492248813
618,-0.42350792973083357,0.15713205254574233
619,-0.46043196424908134,0.10530329327645238
620,-0.500848681007033,0.051832308015533915
621,-0.5449006669369224,-0.002573333328500461
622,-0.5925671238583613,-0.05688533886777316
623,-0.6435420072640139,-0.10962541622140284
624,-0.697065895463824,-0.158705184789646
625,-0.7517338218270204,-0.20126328559528545
626,-0.8053669743544701,-0.23358242802680665
627,-0.8551406843822233,-0.25125255095286425
628,-0.89821659668835,-0.2497990800466942
629,-0.9329116995407329,-0.22586891150974067
630,-0.95984409993392,-0.17867324554993327
631,-0.9820480977763669,-0.11102979479585362
632,-1.0035482976122276,-0.029558318060701437
633,-1.0269944684350423,0.055791972306097025
634,-1.0515633156416528,0.13255411553982274
635,-1.0724338895711492,0.18722268209809748
636,-1.083107852195864,0.20828313101605686
637,-1.0801380266322202,0.19049384924944038
638,-1.0661686097563938,0.13751272524384883
639,-1.04768009156348,0.06032596134092101
640,-1.0299798122312123,-0.02686516949207981
641,-1.014121270779709,-0.1101160823071991
642,-0.9970781092185448,-0.17776824883489234
643,-0.9741410551278515,-0.2218349467411059
644,-0.9419434226209111,-0.23899764025365383
645,-0.9002740968931293,-0.230573625481845
646,-0.8516979751292612,-0.20112702685062736
647,-0.7998426442531421,-0.156476562689043
648,-0.7478895518654686,-0.10214409095633167
649,-0.6979380290667427,-0.04262921455220355
650,-0.6510296953206123,0.018704605429284246
651,-0.6074318852686887,0.07946766225486765
652,-0.5669379349020882,0.13801963127690983
653,-0.5291007555769982,0.193271865499323
654,-0.4933925551198765,0.24453693066176918
655,-0.4593061604718193,0.29142008602866865
656,-0.42641455355782076,0.33374148596275577
657,-0.39440114870199205,0.37147909886086194
658,-0.36306957305709797,0.4047252494522462
659,-0.33233931356596835,0.4336523638793436
660,-0.30223220970938003,0.4584854232002622
661,-0.27285385218138136,0.47947980745669494
662,-0.24437313263986418,0.49690380543296897
663,-0.2170023505095002,0.5110252785938205
664,-0.19097944657631805,0.5221019834795002
665,-0.16655318416721532,0.5303750074118772
666,-0.14397150836408606,0.5360647344783928
667,-0.1234729105993331,0.539368762922335
668,-0.10528039773841573,0.5404612418054175
669,-0.08959757422855133,0.5394931704574171
670,-0.07660634856075434,0.536593292198225
671,-0.06646583119338592,0.5318693006068388
672,-0.059312070244590905,0.5254091537649525
673,-0.055258354349588645,0.5172823556525477
674,-0.05439588858101443,0.507541113865335
675,-0.05679471495694313,0.4962213207859153
676,-0.06250480337436883,0.483343334067784
677,-0.07155728342100906,0.4689125550455502
678,-0.08396582488966542,0.45291982395649133
679,-0.09972820746453666,0.4353416724199459
680,-0.11882815001400636,0.4161405008142615
681,-0.1412374982859783,0.3952647864404387
682,-0.16691889598693285,0.37264948495173916
683,-0.19582908488789838,0.34821687275824803
684,-0.22792298668446126,0.3218782070314441
685,-0.2631586967840158,0.2935367749815902
686,-0.30150343842381755,0.2630931991954948
687,-0.34294033240987026,0.23045431268301564
688,-0.3874754442688562,0.19554759443473713
689,-0.43514382924093065,0.15834418080592497
690,-0.48601197251979605,0.11889500463848697
691,-0.5401717769095266,0.07738686084016605
692,-0.5977176820322012,0.03422827990664165
693,-0.6586934618471088,-0.009821329758264644
694,-0.7229899935523296,-0.05346371367754038
695,-0.7901757168915436,-0.09460541302892642
696,-0.8592650363589764,-0.13005474351672952
697,-0.9285121872783195,-0.15528439682019393
698,-0.9954886440530242,-0.16455700597387163
699,-1.0578518097053213,-0.15193391473941667
700,-1.114891744849142,-0.11363976145349813
701,-1.1687293598339201,-0.05154858702636826
702,-1.2229663344320283,0.023446127042967956
703,-1.2781221433454164,0.08993268993790361
704,-1.3281905481584386,0.11953305172895955
705,-1.366586846806604,0.09104971348369108
706,-1.397269405047244,0.012067051235668253
707,-1.4276128149900602,-0.07340436290773938
708,-1.4509217016520772,-0.10600054436552678
709,-1.459338096792639,-0.05702523762765705
710,-1.4625502029494124,0.03721421190915279
711,-1.462836181459143,0.10127744949863872
712,-1.4488274961187022,0.08389331101082183
713,-1.4250850039163496,0.0016861578652407477
714,-1.4007595603550564,-0.08275414603933519
715,-1.3689599739865077,-0.11495170943736507
716,-1.3244199550175861,-0.08195672131506293
717,-1.2745740034323423,-0.008736163448484047
718,-1.2256024887565238,0.06899880203052935
719,-1.1751899927715295,0.12483536955149788
720,-1.11866618838228,0.14743094306798823
721,-1.0551508377194452,0.13823875966832905
722,-0.9875326294127169,0.10558817389723506
723,-0.9194260802385186,0.059055947759831064
724,-0.853202644090962,0.00647191210313835
725,-0.7897625177610998,-0.046777260113532636
726,-0.7290604748077502,-0.09739596465907123
727,-0.6706589098370228,-0.14359821021259186
728,-0.6140856528490453,-0.18460131162257687
729,-0.5590063058586228,-0.22025189315206847
730,-0.5052746603447978,-0.25076619340375794
731,-0.45291794673595853,-0.276555720736845
732,-0.4020952966186806,-0.29811418110742477
733,-0.35305161836260085,-0.3159476605604555
734,-0.3060776243077082,-0.33053465576343005
735,-0.26147964389433365,-0.3423059668057863
736,-0.21955906197439773,-0.35163715157424785
737,-0.18059961299587762,-0.35884839637671506
738,-0.14486040290746277,-0.36420834503435534
739,-0.1125727642022173,-0.36793968624311935
740,-0.08393948181478933,-0.37022518478458094
741,-0.05913535971219814,-0.37121343177428523
742,-0.03830845143521953,-0.3710239600261807
743,-0.02158153714064642,-0.36975159010655767
744,-0.009053606590743174,-0.3674699930279578
745,-0.0008012216465258612,-0.36423451420935526
746,0.0031202980301803488,-0.36008432547072877
747,0.002675881083380801,-0.3550439735497799
748,-0.002150106092480637,-0.3491243848472986
749,-0.011354508545326106,-0.3423233728037083
750,-0.024915901590112813,-0.3346256801788648
751,-0.042795018879023844,-0.32600257619851297
752,-0.06493514096277561,-0.3164110206475494
753,-0.09126251354978406,-0.30579240706965505
754,-0.12168689258467728,-0.29407091092181686
755,-0.15610235521562377,-0.28115150522643084
756,-0.19438857588148362,-0.2669177815554876
757,-0.2364128479942775,-0.2512298535850166
758,-0.2820332319893134,-0.2339228650473737
759,-0.33110331506942325,-0.2148070386982161
760,-0.3834791334221166,-0.19367088896875126
761,-0.439028732559832,-0.17029033210251382
762,-0.497644414947366,-0.1444481911241253
763,-0.559256546886673,-0.11597132824882353
764,-0.6238451834382008,-0.084796742598425
765,-0.6914407137339387,-0.05108377233059226
766,-0.7620962415563939,-0.015396647130149752
767,-0.8358032634193853,0.021013246836554297
768,-0.9123166830862331,0.05580546790755333
769,-0.9908851520730984,0.0850697543817038
770,-1.0700153896947893,0.10300005990199779
771,-1.1476827618779517,0.10237786097669188
772,-1.2225359085212228,0.07703209916455536
773,-1.2955875734475157,0.027231206619296705
774,-1.3694120333746058,-0.03311202430878644
775,-1.4428480481360084,-0.07292639283152023
776,-1.5099440738605499,-0.05725099607409176
777,-1.5720368294294202,0.011681364960821696
778,-1.6325720001594188,0.06283365588262875
779,-1.6834491633589095,0.020253139294103002
780,-1.7303310066712914,-0.05347950303186515
781,-1.7669707018096976,-0.01622583423117491
782,-1.7976703271556382,0.05378904349197778
783,-1.8165050286815068,-0.01067369363755488
784,-1.8280756230104356,-0.04448722933289427
785,-1.8287469627054926,0.04200899923046825
786,-1.8188753642014381,0.014592360738477486
787,-1.801481840701691,-0.053795210538476405
788,-1.7721433223263166,0.01351097187115739
789,-1.7368596076780376,0.053758751525483234
790,-1.6911169723864177,-0.019640552441561966
791,-1.6412423988387992,-0.06214424587256539
792,-1.5816161511841573,-0.009105600428651606
793,-1.5203923412082643,0.05911459212866012
794,-1.4535890524664852,0.07002054049537433
795,-1.3806399476793956,0.025248343223724226
796,-1.3076728794038583,-0.036330257878793445
797,-1.2349552289666867,-0.08271458354098944
798,-1.1596527998937474,-0.1014134921308218
799,-1.0813456411987177,-0.09435160892512069
800,-1.001969945476255,-0.06943341895842875
801,-0.9236789073469225,-0.034771216904419214
802,-0.847764580327667,0.0035797627582759067
803,-0.774693181646189,0.041806058710304274
804,-0.7044813942671253,0.0778062215879717
805,-0.6370046416095918,0.11060373716729306
806,-0.5721608174941325,0.13989645257998884
807,-0.5099287190145787,0.16575452854868222
808,-0.4503709968245055,0.1884321130823036
809,-0.3936151069758585,0.2082561776217541
810,-0.3398298469342309,0.22556461234704525
811,-0.28920491297651807,0.24067444643011834
812,-0.24193558678516505,0.2538677518366573
813,-0.1982123034093741,0.26538743281344845
814,-0.15821406278314312,0.27543817221755706
815,-0.12210457072212323,0.28418976555444747
816,-0.09003018299928324,0.2917812873820096
817,-0.062118968090482334,0.29832526388121455
818,-0.03848041785672973,0.30391144884771826
819,-0.019205498281615715,0.3086100362107245
820,-0.004366846638115202,0.3124742659059233
821,0.005981002837977425,0.3155424383776466
822,0.011801434844314038,0.31783937446908306
823,0.013075651671411037,0.31937735860829186
824,0.009802679213595079,0.320156593489816
825,0.0019994957449459647,0.32016517912014675
826,-0.010298706472798673,0.3193786109869898
827,-0.027038121178160693,0.31775877292034116
828,-0.04814579073478968,0.3152523814010219
829,-0.07352894478598548,0.31178882174613914
830,-0.10307425143933127,0.30727730658028174
831,-0.13664705863461815,0.30160329036283223
832,-0.17409077302927276,0.29462410318845617
833,-0.2152266362661183,0.28616384456973387
834,-0.2598543314856006,0.2760077400595966
835,-0.3077541035373396,0.2638964692413583
836,-0.35869141000705257,0.24952151385037513
837,-0.41242550472570566,0.23252348443855
838,-0.46872366856030956,0.21249685325454326
839,-0.5273827379846712,0.18900680429428007
840,-0.5882585055509316,0.16162733098211388
841,-0.6513003334821471,0.13001465055119074
842,-0.7165811527894248,0.09403684434185287
843,-0.7842997474059032,0.053989393627157815
844,-0.8547119261473998,0.01093492273332107
845,-0.9279264111189259,-0.03279642281537146
846,-1.0035127195713875,-0.07295922708007654
847,-1.0800075793952302,-0.10280873343064956
848,-1.1548164915153298,-0.11330058009382978
849,-1.2254751162814939,-0.09554499313532631
850,-1.29228478951035,-0.0468949166413765
851,-1.358718010329408,0.02058467810266717
852,-1.425376713604979,0.0751248477667332
853,-1.4854623476082205,0.07572548350237687
854,-1.5373494452740393,0.010839532427760153
855,-1.5878763101041486,-0.06261671714711071
856,-1.6293333887441777,-0.054786740026488256
857,-1.6624479565398274,0.031313589894394006
858,-1.6898204603405538,0.06321099600683995
859,-1.7048954804632566,-0.017375619764780508
860,-1.7144508681020478,-0.06366235737414191
861,-1.7107386298887486,0.013429534865164417
862,-1.7016123166576047,0.06540389970065019
863,-1.6791621675772632,-0.004625967382120377
864,-1.6525199289817087,-0.06925942952300815
865,-1.6132612989308952,-0.024570882397570784
866,-1.5701840050932176,0.0574778960176963
867,-1.5200184666852046,0.07296410513507585
868,-1.4607637661119586,0.014629093515253658
869,-1.4009243835248149,-0.05789117085945294
870,-1.3380445515556638,-0.09469046680239158
871,-1.268171987778149,-0.08379828200851538
872,-1.1945611949152133,-0.039828239183507065
873,-1.1216760945774051,0.01652418217091374
874,-1.05067207796939,0.06983766861381939
875,-0.9804153938767755,0.11193526562285534
876,-0.9096286986095315,0.14017135783417523
877,-0.8379047988499835,0.15519581684617598
878,-0.7656831800410137,0.15916716893805236
879,-0.6938426130193769,0.1546058113097119
880,-0.6233387018806642,0.14380445466504518
881,-0.5550098560892059,0.12861407088105306
882,-0.48951805176916596,0.11043121966429939
883,-0.4273596102181303,0.0902678696597325
884,-0.36889986324199714,0.06883985065925949
885,-0.31440882102896045,0.046646676629446375
886,-0.2640897392393429,0.02403472696373093
887,-0.21809946649121037,0.0012440767895281046
888,-0.17656195126735683,-0.021558004229552417
889,-0.13957675602307665,-0.0442535355946456
890,-0.10722416813880117,-0.06675744830254685
891,-0.07956807963081887,-0.08900617284961068
892,-0.05665743275461459,-0.11094961538750656
893,-0.03852674505886364,-0.13254540462807682
894,-0.025196028264123926,-0.15375462393781028
895,-0.016670279677901648,-0.1745384722408337
896,-0.01293863238429216,-0.19485544990022677
897,-0.01397318527332781,-0.2146587626668462
898,-0.019727484805965888,-0.23389369340996732
899,-0.03013458975105421,-0.25249471834807696
900,-0.0451046136453902,-0.2703821493066268
901,-0.06452160619234908,-0.2874580718658708
902,-0.0882396069621704,-0.30360132694287456
903,-0.11607769139141771,-0.3186612586932131
904,-0.1478138489306363,-0.3324499389896186
905,-0.1831776209595624,-0.34473260390527277
906,-0.22184164049281388,-0.35521614535237694
907,-0.26341264714629525,-0.36353576430736495
908,-0.30742332105130704,-0.3692404196106715
909,-0.3533275147362692,-0.37177863837951763
910,-0.40050320678094625,-0.37048772592570417
911,-0.4482695280725425,-0.36459145548098587
912,-0.4959257192020212,-0.3532136718861677
913,-0.5428192039774112,-0.33541713548313357
914,-0.5884447269672028,-0.3102770277735653
915,-0.6325647837725145,-0.27699547947244374
916,-0.6753242497483151,-0.23505727738140955
917,-0.717314684911301,-0.18442054378437445
918,-0.7595344333144493,-0.1257353557335921
919,-0.8031937975024619,-0.06059216009287772
920,-0.8493276243231499,0.008184754085299608
921,-0.8982041877229197,0.07618967406991244
922,-0.9486050412133623,0.13710415892413302
923,-0.9973067108963465,0.1826821243787609
924,-1.0395441885112762,0.20371108279826605
925,-1.071260326168116,0.19262891380858485
926,-1.0922749183564375,0.14728104344606963
927,-1.1071182634759047,0.07350726130902054
928,-1.1215752576566336,-0.015244090205261598
929,-1.1375351094656512,-0.10047118421395372
930,-1.150546373237334,-0.16222194544803445
931,-1.1529390672074484,-0.18443664691962888
932,-1.1410924314401978,-0.16140294950026954
933,-1.1191825377814586,-0.10038229749148127
934,-1.094707491501444,-0.017435351843431805
935,-1.0718650033763824,0.0692052088821239
936,-1.0493041052401388,0.14365038759321894
937,-1.0223198648050933,0.19472302019583848
938,-0.9867717599462235,0.21724808837290427
939,-0.9418278427798669,0.21200318472483184
940,-0.8899115804421801,0.1839541897915902
941,-0.8347705467882972,0.13969782168974507
942,-0.7796832690527685,0.08548409034263593
943,-0.7267231655920089,0.026321425769555117
944,-0.6768174813226708,-0.03414009415005463
945,-0.6300966396038826,-0.09339305610431597
946,-0.5862438229596473,-0.14979389471879107
947,-0.544753877123339,-0.20232389146555008
948,-0.505099862661238,-0.25040935610414927
949,-0.46682905687439896,-0.29379175374381034
950,-0.4296099508234804,-0.3324337484348695
951,-0.3932466291215849,-0.36644984413457116
952,-0.35767243365761675,-0.396054108599285
953,-0.32293166219712083,-0.42152041335005896
954,-0.2891557459027091,-0.4431524363258045
955,-0.2565384581957948,-0.4612616080922605
956,-0.22531307752189242,-0.4761515873246975
957,-0.19573307481778057,-0.4881080117320759
958,-0.16805687416163492,-0.4973923644059251
959,-0.14253655404616353,-0.5042389049657084
960,-0.11940997646297138,-0.5088537586524795
961,-0.09889567878413537,-0.5114154224144339
962,-0.08118986024110104,-0.5120761144624597
963,-0.06646487323779275,-0.510963545794711
964,-0.05486874133320404,-0.5081828192523379
965,-0.046525340583391944,-0.5038182610249442
966,-0.04153498364780234,-0.497935063018006
967,-0.03997523096250231,-0.4905806663569796
968,-0.04190182035973816,-0.48178585156515397
969,-0.047349658592194685,-0.47156552454883854
970,-0.05633385919950525,-0.4599192039468107
971,-0.06885084505678209,-0.4468312287306438
972,-0.08487956445734933,-0.4322707191141644
973,-0.10438289982300128,-0.41619134307285505
974,-0.12730938043209614,-0.3985309702031387
975,-0.1535953460260586,-0.37921134105860976
976,-0.1831677458498096,-0.3581379530328469
977,-0.21594779295191532,-0.3352004771563584
978,-0.25185571513607113,-0.3102741942376686
979,-0.2908168288840876,-0.2832232040096115
980,-0.33276906793993,-0.25390656308462123
981,-0.37767184769658674,-0.22218911588514917
982,-0.4255156093405602,-0.18795970224434658
983,-0.4763303483963997,-0.15116081170846665
984,-0.5301895539705052,-0.11183582293987256
985,-0.5872027931971024,-0.07020295689497197
986,-0.6474851733536825,-0.026769046813198298
987,-0.7110851951206115,0.017499653848830447
988,-0.7778468766476057,0.06093201575959247
989,-0.8471886864292408,0.10082977814923848
990,-0.9178308774018458,0.13312723136187263
991,-0.9876447247165133,0.15224813059656378
992,-1.054027216658377,0.15164659593456864
993,-1.1152146206201037,0.1257117543401057
994,-1.1720400459601397,0.07330407513360072
995,-1.2279467067889296,0.0019850833977758603
996,-1.2851715571383622,-0.06906315901677354
997,-1.3396291475029947,-0.11061212690954204
998,-1.3836679646635854,-0.09571276297845853
999,-1.4185856561967856,-0.02407843382511897
1000,-1.452561730554273,0.06272194120882554
1001,-1.480628370708565,0.0995442386716914
1002,-1.4940924682602683,0.05082227106493807
1003,-1.5025083572862463,-0.04348794616479211
1004,-1.506550566487149,-0.09673598035239576
1005,-1.495395266854182,-0.05855483839584056
1006,-1.4778291979153053,0.03366853820444028
1007,-1.4575997317689722,0.09803329174861339
1008,-1.4243847441545792,0.0852951293423168
1009,-1.3821717023744935,0.01197507417151731
1010,-1.3398368190891077,-0.06995931962139468
1011,-1.293819703444512,-0.11728443561462436
1012,-1.2383100307735087,-0.11494483249623108
1013,-1.1756432506827794,-0.07266439722692723
1014,-1.1117965419062996,-0.010087646093509327
1015,-1.0497997683238938,0.05519694976470478
1016,-0.9890617761645208,0.11178003609842098
1017,-0.9276469709123231,0.1541105561425904
1018,-0.8641665031418418,0.18090109364273857
1019,-0.7984175867792339,0.1934426190561907
1020,-0.7311458718372625,0.19420893460449137
1021,-0.6635334068187893,0.18590494598597126
1022,-0.5967895383042453,0.17095482284775565
1023,-0.53194324286084,0.15131380599331362
1024,-0.46978809585115144,0.12846346918247972
1025,-0.4109045176102817,0.10348477509919879
1026,-0.35570687776498455,0.07714896974642453
1027,-0.30448975809666307,0.04999978352692759
1028,-0.25746453766911515,0.022418872659618103
1029,-0.21478539517717815,-0.005325331176843842
1030,-0.17656661404434038,-0.03304239700343037
1031,-0.1428935434537924,-0.060594940622149325
1032,-0.11382921102628912,-0.08788105808826688
1033,-0.08941805343538105,-0.11482192332034834
1034,-0.06968776208039848,-0.1413529209349373
1035,-0.05464988576581695,-0.16741714879302955
1036,-0.044299581333854705,-0.19296046097894207
1037,-0.038614730595978676,-0.2179274551322389
1038,-0.037554523044357406,-0.2422579638271884
1039,-0.04105751980226906,-0.26588370929403427
1040,-0.04903915235252399,-0.2887248404164103
1041,-0.061388562627270576,-0.3106861029638999
1042,-0.07796465737123696,-0.33165240872967194
1043,-0.09859123393113077,-0.35148357711891043
1044,-0.12305104988934115,-0.3700080371693453
1045,-0.15107878049323653,-0.38701531878244994
1046,-0.1823529777153669,-0.4022472595863775
1047,-0.21648747582930802,-0.4153880538423749
1048,-0.2530232620430459,-0.42605363453757616
1049,-0.29142272787440543,-0.43378148196794364
1050,-0.3310694628145179,-0.43802284859507257
1051,-0.3712782033297618,-0.4381405614861811
1052,-0.4113207246859615,-0.43341681256693404
1053,-0.4504733823781969,-0.42307618184477735
1054,-0.48808927759073373,-0.4063287543345685
1055,-0.5236914609349881,-0.3824357379974708
1056,-0.5570735593831799,-0.35079527375935954
1057,-0.5883838713950693,-0.3110404892875903
1058,-0.6181637757788147,-0.2631383443420411
1059,-0.6473155163425698,-0.20747980213726155
1060,-0.6769866783050991,-0.14496035670441232
1061,-0.7083713163338199,-0.07706186564791526
1062,-0.742432860423983,-0.005955374622173918
1063,-0.779553326306461,0.06535877533297028
1064,-0.8191270686952925,0.13288574526518296
1065,-0.8591871654161918,0.19153105338691637
1066,-0.8963176472437794,0.23526806534720834
1067,-0.9262865129667442,0.25790107142304164
1068,-0.9456598659180641,0.2545931404272793
1069,-0.9537418627587149,0.22368875237873687
1070,-0.9532670325137568,0.16772721830114964
1071,-0.9489918065573547,0.09296051966098116
1072,-0.9452051473485339,0.007913518545029634
1073,-0.9437700592306051,-0.07801043307665462
1074,-0.9434269435246837,-0.15550751299514157
1075,-0.9403873870236493,-0.21624914086807753
1076,-0.9300705508383915,-0.25401708464450884
1077,-0.9093824903162969,-0.2659018832152268
1078,-0.8782300386934374,-0.2527875430067248
1079,-0.8392589746151815,-0.21859203708381203
1080,-0.796292238856925,-0.16870529533235565
1081,-0.7527951562151876,-0.10855468673111845
1082,-0.7111184590937427,-0.042807353798497344
1083,-0.6724292125469762,0.024855848215770932
1084,-0.6369631896340224,0.09166498370537737
1085,-0.6043403739968761,0.15559310845145438
1086,-0.573838894069517,0.2151957887261177
1087,-0.5446066605040172,0.2694876580144017
1088,-0.515817272778317,0.3178540781097686
1089,-0.4867790085551218,0.3599862012430594
1090,-0.4570021004565697,0.39582771622528995
1091,-0.4262277798947749,0.42552533597177733
1092,-0.3944240369476845,0.449379719126938
1093,-0.3617560383266797,0.4677973363011164
1094,-0.3285413596817423,0.48124589805309315
1095,-0.2952002404295402,0.4902162545772501
1096,-0.2622090035276954,0.49519269959509515
1097,-0.23006161798090635,0.49663216240575697
1098,-0.19924129024535042,0.49495150804605115
1099,-0.17020169948785835,0.4905214054373592
1100,-0.14335623857213048,0.48366498232584154
1101,-0.11907321147832783,0.4746596145417048
1102,-0.0976750574429694,0.46374051377659925
1103,-0.07944003912350842,0.45110514113740335
1104,-0.0646052548712404,0.43691780080704246
1105,-0.053370212579267405,0.42131402573149956
1106,-0.04590049726668117,0.40440455222923033
1107,-0.04233127508602893,0.38627880420189237
1108,-0.04277051686024084,0.3670078860816481
1109,-0.04730191240978024,0.3466471320188743
1110,-0.055987498864330604,0.32523828991450715
1111,-0.06887005412827178,0.3028114431464134
1112,-0.08597531887737468,0.27938679910861364
1113,-0.10731411125728854,0.2549765105975042
1114,-0.1328843884201422,0.22958675355638405
1115,-0.1626732844916096,0.20322037585240305
1116,-0.19665910609311302,0.17588057542752686
1117,-0.23481317614987673,0.1475762901732359
1118,-0.2771012530445176,0.11833032737109452
1119,-0.32348396358333464,0.08819178673309026
1120,-0.37391519473983936,0.05725511793996338
1121,-0.42833657916963114,0.025689294055736743
1122,-0.4866649618229179,-0.006217859842613464
1123,-0.5487680237897897,-0.037993270969437005
1124,-0.6144214673606389,-0.0688817047349709
1125,-0.6832410244555472,-0.09771077923369917
1126,-0.7545888033432709,-0.12271913364319957
1127,-0.8274762968103142,-0.14137724751906727
1128,-0.9005393845882901,-0.150296709755478
1129,-0.9722384375084677,-0.14544045246453266
1130,-1.0414500625981316,-0.12297391991962375
1131,-1.108343371977244,-0.08108775162870077
1132,-1.174740655943197,-0.022799037392602216
1133,-1.2426313685812733,0.04088943637463372
1134,-1.3107150033154886,0.08924803548789131
1135,-1.3731752908318318,0.09625661633262571
1136,-1.4270554470565344,0.04808209178315473
1137,-1.4783670772020967,-0.03246507171455284
1138,-1.5274229978889622,-0.08293042617867609
1139,-1.5645580251698556,-0.048232540154767474
1140,-1.5959435694650999,0.04100612737030869
1141,-1.621521700483586,0.07460577783094151
1142,-1.6336472343980135,0.0023614172945716893
1143,-1.6421655570309714,-0.07242393184078567
1144,-1.636957821100196,-0.03648969608909046
1145,-1.6255234424190923,0.055193745659542236
1146,-1.605149582675994,0.06797782510555493
1147,-1.5734914257976904,-0.01189404579875769
1148,-1.5394010317627136,-0.07975078219525776
1149,-1.4938777587725363,-0.06324281664172442
1150,-1.4416358230695834,0.01230734521229914
1151,-1.3890400959148543,0.08073221235511273
1152,-1.330198681020261,0.10062962428016699
1153,-1.263418349238165,0.07095712124237724
1154,-1.1942703487573367,0.013442693735974016
1155,-1.1266105611175865,-0.04881939881518989
1156,-1.0599394850198793,-0.10074432260414855
1157,-0.9921973201556658,-0.1356827874660244
1158,-0.9222357464464218,-0.15292546543198723
1159,-0.8503640002193793,-0.15495407060417052
1160,-0.7777752567873832,-0.1453385082334578
1161,-0.7058510927473282,-0.1275095870335731
1162,-0.635766068864271,-0.10425286109899545
1163,-0.5683767762316522,-0.0776298582685304
1164,-0.5042570376767891,-0.049083303271537114
1165,-0.4437753196641036,-0.019587431781579345
1166,-0.38716632031964143,0.010215765766483162
1167,-0.33458314229426744,0.03991098015770608
1168,-0.28613092243108157,0.06923370986922424
1169,-0.24188673866761012,0.09801786257002795
1170,-0.20191048402954562,0.12616034485549696
1171,-0.16625019381592446,0.15359739303075745
1172,-0.1349441298471517,0.18028880734812472
1173,-0.1080210426248499,0.20620741620106983
1174,-0.08549944283538057,0.23133195230650133
1175,-0.06738634272311392,0.2556421171619799
1176,-0.053675702218129825,0.27911501004824535
1177,-0.0443466799184674,0.301722361635054
1178,-0.039361708969062166,0.3234281833326619
1179,-0.03866437014354609,0.34418655253078223
1180,-0.04217700611204239,0.3639393218698618
1181,-0.04979800565106803,0.3826135824215786
1182,-0.06139868311207673,0.4001187370950224
1183,-0.07681969002028896,0.41634306112643454
1184,-0.09586693030530802,0.4311496508769463
1185,-0.11830702223103187,0.44437170221861927
1186,-0.14386247914575526,0.4558071312163978
1187,-0.1722069946984748,0.4652126732501464
1188,-0.2029615458692699,0.47229779728907534
1189,-0.23569249040273324,0.47671907517478246
1190,-0.2699134233543115,0.4780760662043556
1191,-0.30509318736065905,0.4759102977027549
1192,-0.3406728944508122,0.4697094614941116
1193,-0.3760947400249451,0.4589193270959531
1194,-0.4108442658237641,0.4429658184125469
1195,-0.4445051069782801,0.4212889088376182
1196,-0.4768211182806964,0.39338832004013335
1197,-0.5077559459632051,0.35887875175539924
1198,-0.5375363347243834,0.31755040773006565
1199,-0.5666646669081983,0.269430200191919
1200,-0.5958891409912587,0.21484125185001296
1201,-0.6261250210739109,0.1544631975441294
1202,-0.6583241105732229,0.08940197252189666
1203,-0.6932891881833512,0.02128266971397895
1204,-0.731426985146714,-0.047621441260731825
1205,-0.7724375462938314,-0.11422404027988309
1206,-0.814973790108813,-0.17446578056041925
1207,-0.8564087023327664,-0.22328504309095798
1208,-0.8930190888416724,-0.2549631120292734
1209,-0.9209625217362019,-0.2641148671725362
1210,-0.9379939703747594,-0.2472843558762025
1211,-0.9449137834193608,-0.20445212694412196
1212,-0.9454030617912629,-0.13949237602625636
1213,-0.9441408583634905,-0.059369859456576364
1214,-0.9445044941095131,0.027183306095223292
1215,-0.9470790350469398,0.11077939613165691
1216,-0.9493925997774764,0.18223482933532248
1217,-0.94693170136345,0.23358980404909283
1218,-0.9352717044335088,0.2594873275867559
1219,-0.9123857289506121,0.2583865252631182
1220,-0.8795813280808252,0.23267077229395924
1221,-0.8404758441265827,0.18740635648887632
1222,-0.7991158468242274,0.12858748005421575
1223,-0.7586172434920609,0.061824580637749565
1224,-0.7207218949262886,-0.008240165800945044
1225,-0.6859473309928639,-0.07801261766450412
1226,-0.65394379381499,-0.14481435564536993
1227,-0.6238549520343584,-0.20671396003953607
1228,-0.5946184271191702,-0.26238818140248527
1229,-0.5651982122972472,-0.3110209287677792
1230,-0.5347512266688853,-0.3522261971679186
1231,-0.5027281388980244,-0.3859784009733715
1232,-0.46890982327126884,-0.41253967021145055
1233,-0.4333877846796806,-0.43238224010565857
1234,-0.39650512158444123,-0.446110804435483
1235,-0.3587787598323052,-0.45439234103185444
1236,-0.32082175096514015,-0.4578996082604756
1237,-0.28327816629045627,-0.4572711008027586
1238,-0.24677590744861774,-0.45308681576932575
1239,-0.21189718084043369,-0.44585694982549157
1240,-0.17916333777755009,-0.43601984291556173
1241,-0.14902987806507922,-0.4239457138234379
1242,-0.12188779583418582,-0.40994346738660287
1243,-0.09806834818302516,-0.39426868905045453
1244,-0.07784927314585983,-0.37713166338617804
1245,-0.061461258609555654,-0.35870478745972517
1246,-0.04909401684714265,-0.33912910583920414
1247,-0.04090167646370784,-0.31851991103012306
1248,-0.03700741453436644,-0.29697147472412694
1249,-0.037507364255082554,-0.27456103778100827
1250,-0.04247388423721383,-0.2513522171678499
1251,-0.05195828952011529,-0.22739800492249307
1252,-0.06599313645405404,-0.202743550890367
1253,-0.08459413128322069,-0.1774289479549679
1254,-0.10776169713208777,-0.15149228571140458
1255,-0.13548218258615438,-0.1249733176965256
1256,-0.167728618049114,-0.0979182139721767
1257,-0.20446080755353108,-0.07038606684731119
1258,-0.24562435871083346,-0.04245811291583216
1259,-0.2911479662358096,-0.014251068372965664
1260,-0.34093783032384783,0.014063410226687136
1261,-0.3948674716121466,0.04223030445904422
1262,-0.45276041894049457,0.06987003566929692
1263,-0.5143625131769337,0.09641981535202952
1264,-0.5793006381014087,0.12105299105283297
1265,-0.6470274812487067,0.1425750593368267
1266,-0.7167614245971647,0.1593058251197624
1267,-0.7874528362212878,0.16898324138713894
1268,-0.8578454701234783,0.1687742767462776
1269,-0.9267346866430326,0.15554922030023013
1270,-0.9934799214144554,0.12663069987899922
1271,-1.0585926625786752,0.08118724446995902
1272,-1.1237975471444006,0.022247952963848874
1273,-1.1907372497147726,-0.041004999531480936
1274,-1.2582952854411538,-0.09170295209008231
1275,-1.3212622621166032,-0.10760575253409635
1276,-1.3754126101446027,-0.07264015967053632
1277,-1.424864807659124,0.0035199547433718836
1278,-1.474121517685515,0.07528939035153134
1279,-1.5148624370356512,0.08239153202753353
1280,-1.5443164727645697,0.009830382986962023
1281,-1.5717177048201179,-0.07156135952564724
1282,-1.5879376846244897,-0.06635743821787746
1283,-1.5937514630935374,0.022538176277968863
1284,-1.5956893187698433,0.08181168966304413
1285,-1.5828731944396957,0.034674785661566704
1286,-1.5651976449253866,-0.05693781935137891
1287,-1.5399234303823273,-0.08294390107780586
1288,-1.5019449411937507,-0.019737177177670824
1289,-1.4621195650682002,0.0640440313106643
1290,-1.41659788175686,0.09762193748502462
1291,-1.3602568827356833,0.06478079015234556
1292,-1.3002197665083988,-0.005010081682243412
1293,-1.2411349287384112,-0.07388388656162778
1294,-1.1800676213565668,-0.11778218758127655
1295,-1.1136645819836406,-0.12961769769426756
1296,-1.042456864430142,-0.11391774824822037
1297,-0.9694053272824728,-0.07972242110857031
1298,-0.89727760043322,-0.035693496659252345
1299,-0.8275846132753615,0.011762601025450448
1300,-0.7607583096651883,0.05855910677636874
1301,-0.6966584520228498,0.10238259112991877
1302,-0.6349716109923619,0.14211266613519424
1303,-0.5754283607235802,0.17737301587633977
1304,-0.5178863189098519,0.20822115109477582
1305,-0.4623380926630347,0.23494564142052235
1306,-0.4088860490684272,0.25793895128513855
1307,-0.3577080071471673,0.27762127799678166
1308,-0.3090254835439917,0.29439779541406114
1309,-0.2630787549832252,0.3086370814956996
1310,-0.22010921657421578,0.3206624326331924
1311,-0.18034791425223098,0.3307505846659218
1312,-0.14400870206001526,0.3391343418500708
1313,-0.1112845871962679,0.34600696923372665
1314,-0.08234612557106652,0.3515270979353669
1315,-0.05734104705630392,0.35582346090721106
1316,-0.03639455506058668,0.3589991227787645
1317,-0.019609943786661085,0.36113506782922944
1318,-0.007069314997867363,0.36229311864404523
1319,0.0011657323571694267,0.36251821049137
1320,0.005053508377736962,0.3618400660366731
1321,0.0045717676625804116,0.36027431606932475
1322,-0.0002826137563222802,0.35782310310714266
1323,-0.009493820671123334,0.35447519120992205
1324,-0.02302715018020069,0.3502055902172464
1325,-0.04082895198890417,0.3449746882067073
1326,-0.06282649051889369,0.33872687457924006
1327,-0.08892778315920952,0.3313886311404839
1328,-0.11902150343690505,0.32286607532439204
1329,-0.15297709206875862,0.313041967517357
1330,-0.19064530096564955,0.3017722586305609
1331,-0.23185951413711434,0.28888237956855856
1332,-0.27643835148402396,0.2741637005333531
1333,-0.324190263010996,0.25737097603131953
1334,-0.37492103213261113,0.23822223220021266
1335,-0.4284452402993722,0.2164035794750576
1336,-0.48460260236460667,0.1915830339246405
1337,-0.5432792670391432,0.16343986455917123
1338,-0.6044319805735158,0.13171959618811988
1339,-0.6681083034908317,0.09632999499053409
1340,-0.7344473530280943,0.05750040086142037
1341,-0.8036317433849774,0.01603475034063377
1342,-0.8757451962493892,-0.026308107246761088
1343,-0.9504887557681144,-0.06629580288173527
1344,-1.026777167864829,-0.09866314594263603
1345,-1.1024840763416581,-0.11592274195969982
1346,-1.1750285912320222,-0.10953882691560532
1347,-1.2433683847898436,-0.07384006860582193
1348,-1.3097866671386704,-0.012902018240005881
1349,-1.3771559047892332,0.052555152059320966
1350,-1.4421276530513247,0.08562608738223991
1351,-1.4981201653847371,0.0544203179561403
1352,-1.549438249613388,-0.024957759625975903
1353,-1.598163614784483,-0.07365900482992262
1354,-1.6349781753178652,-0.02535576628483393
1355,-1.667581182558778,0.05803141534851548
1356,-1.6896126045872104,0.043142497928989894
1357,-1.703528423883504,-0.04768209107510389
1358,-1.7079598735401198,-0.04819546705465644
1359,-1.7027071750667708,0.04312527941266893
1360,-1.688900227741525,0.05448687198330363
1361,-1.664651848581628,-0.03291003800938211
1362,-1.6345699603022126,-0.06824618753320466
1363,-1.5925934086071452,-0.0009679654495421269
1364,-1.548386985349366,0.07080907442630173
1365,-1.4949145819451233,0.06571517964408777
1366,-1.4345026532779688,-0.0008026111855557938
1367,-1.374124980144709,-0.06895021760983093
1368,-1.3098155861670255,-0.09824749864676162
1369,-1.238812063341535,-0.08298609541775293
1370,-1.164785593927725,-0.03842927875914734
1371,-1.0917630679018673,0.01678252436338587
1372,-1.020736622580019,0.0692309655143084
1373,-0.9507360779571011,0.11179974837441842
1374,-0.8806235314241896,0.14206382631229514
1375,-0.8099548165042508,0.16040315990188422
1376,-0.7390115606877993,0.16853187686088833
1377,-0.6684998832097533,0.16854833853708198
1378,-0.5992518882587368,0.16242681790102906
1379,-0.5320448009528801,0.15181160671875815
1380,-0.4675281729625414,0.13798159658927592
1381,-0.40621527632968496,0.12189187434467576
1382,-0.3485021115681521,0.10423884971203025
1383,-0.2946931200161874,0.0855237541778213
1384,-0.2450244352859938,0.06610541562956522
1385,-0.19968193080319324,0.04624086114028707
1386,-0.15881413437408298,0.026115280578140523
1387,-0.12254100552378197,0.005863646665126262
1388,-0.09095967365437684,-0.014413847204105643
1389,-0.06414805180189435,-0.03464077904029767
1390,-0.04216700344724891,-0.05475659376428079
1391,-0.02506153120114596,-0.0747108310691375
1392,-0.012861295254853206,-0.09445878347720993
1393,-0.005580651856755453,-0.1139580743226375
1394,-0.0032183170034086922,-0.13316577583361722
1395,-0.005756697327003476,-0.15203577084077838
1396,-0.013160880007914275,-0.17051610894414887
1397,-0.025377229714081653,-0.18854612688588288
1398,-0.042331498244052135,-0.2060530983189603
1399,-0.06392630885444568,-0.22294815329163584
1400,-0.09003783196618902,-0.23912116531878255
1401,-0.12051142637422749,-0.25443424827457084
1402,-0.15515599288986784,-0.2687134460967422
1403,-0.19373680343142502,-0.281738156348986
1404,-0.23596668234408216,-0.2932278465851174
1405,-0.2814957249673462,-0.3028257804009587
1406,-0.32990039719520103,-0.31007990754324927
1407,-0.38067408678896647,-0.31442200923694297
1408,-0.43322320052660834,-0.3151479250071424
1409,-0.4868757747735362,-0.31140452711653743
1410,-0.5409127487118705,-0.3021931466428246
1411,-0.5946337247577848,-0.2864038493098507
1412,-0.6474655580264359,-0.2628986580547229
1413,-0.6991086233235733,-0.23066185859125202
1414,-0.7496892578354537,-0.18902991369458658
1415,-0.7998519411306914,-0.1380043001991856
1416,-0.8506944884301556,-0.07864553726032096
1417,-0.9034400717682234,-0.013551985341286977
1418,-0.9587687791655058,0.05257547435476735
1419,-1.0158553307828853,0.11237160195029994
1420,-1.0715432387879615,0.1556729476224141
1421,-1.1208204146256853,0.17087284207167638
1422,-1.159853999162261,0.1489916323599721
1423,-1.1899829296872684,0.08967162006425021
1424,-1.2172698459756401,0.005196647068735977
1425,-1.2456733460664646,-0.0804064009436266
1426,-1.2707109247425405,-0.13707345312530383
1427,-1.2832172349834954,-0.14033180785999239
1428,-1.2819203891828097,-0.08646473447322425
1429,-1.2757337414296994,0.0026498583523178344
1430,-1.2701906523427053,0.09085537951000554
1431,-1.2595899362051597,0.14390001831435384
1432,-1.235865192357872,0.14353046289076207
1433,-1.200262774609344,0.09422343866897953
1434,-1.1609019147401114,0.016453272213611193
1435,-1.1228839532454553,-0.06605667716657423
1436,-1.084846362729037,-0.13449335748163363
1437,-1.0423181387669367,-0.1778278527768629
1438,-0.9922779772686767,-0.19292936160507063
1439,-0.9351114503770492,-0.18274944282985853
1440,-0.8735985582517327,-0.15334831118213246
1441,-0.8109533754959466,-0.11122554238820223
1442,-0.7496037902876881,-0.06185219629701316
1443,-0.6909278007074078,-0.009270818000113446
1444,-0.6354768242571112,0.04375846634527624
1445,-0.5832960146858993,0.09545432868630181
1446,-0.5341811783366883,0.1447278619084833
1447,-0.48784503801669665,0.19096154079424144
1448,-0.4440108761470804,0.23385159023442026
1449,-0.40245775610070567,0.2732990615488498
1450,-0.3630363962298551,0.30933533537661556
1451,-0.32566857032742275,0.34207127754096023
1452,-0.29033815798370566,0.37166259389303213
1453,-0.2570787618225186,0.39828636158878755
1454,-0.2259607356013895,0.4221253421730729
1455,-0.1970791500732299,0.4433577417132872
1456,-0.17054340166989246,0.46215077769356
1457,-0.1464686735718213,0.47865687977730675
1458,-0.12496917860908965,0.4930116771848133
1459,-0.10615297327013487,0.5053331594575059
1460,-0.09011807955414533,0.5157215690466569
1461,-0.07694965042402649,0.5242597111417521
1462,-0.06671794110578705,0.5310134599127395
1463,-0.05947688718330522,0.5360323090037147
1464,-0.055263132446897185,0.5393498638750471
1465,-0.054095390225500105,0.5409842093945045
1466,-0.055974059774849594,0.5409381119893346
1467,-0.060881054281334314,0.5391990351024741
1468,-0.06877983025980851,0.5357389625998819
1469,-0.07961564115949807,0.5305140398288467
1470,-0.0933160725485676,0.5234640588054718
1471,-0.1097919537896694,0.5145118351525437
1472,-0.12893878243829374,0.5035625527553341
1473,-0.15063884220091836,0.49050319078905624
1474,-0.17476424052436537,0.47520220028909405
1475,-0.20118113172528307,0.457509667670828
1476,-0.22975541508934488,0.437258294962797
1477,-0.260360187019533,0.41426564634358065
1478,-0.29288515613398125,0.3883382653627076
1479,-0.32724806417642577,0.35927846937268176
1480,-0.36340784571801077,0.3268948999564491
1481,-0.4013787423438571,0.2910182931293132
1482,-0.44124377429488004,0.2515245077861788
1483,-0.4831647318469235,0.2083677445610561
1484,-0.5273839675927293,0.16162829465344042
1485,-0.5742104184311245,0.11158131840248549
1486,-0.623978049061767,0.058796209577586474
1487,-0.6769591734955241,0.0042796067267083775
1488,-0.7332095598631039,-0.05032338908793833
1489,-0.7923246279138894,-0.10246366283314255
1490,-0.8531191805735806,-0.14839017307067004
1491,-0.9133518541941933,-0.18295484180106697
1492,-0.9698288135749377,-0.1998461879284244
1493,-1.0193769642234516,-0.1927444897520344
1494,-1.060728800172296,-0.1576510957832838
1495,-1.0960148723727636,-0.09572943955513794
1496,-1.1297744647918408,-0.01524295305387975
1497,-1.1650962502573605,0.06824604903043224
1498,-1.1995080724784821,0.13359912569787089
1499,-1.2252663118390572,0.15922329492932782
1500,-1.2368917186012756,0.13301902258634155
1501,-1.2384329008353088,0.06153762707466415
1502,-1.2384999971318988,-0.03110494440658456
1503,-1.2388625790118584,-0.11302871507080911
1504,-1.2321122473334898,-0.1561231842857019
1505,-1.2114250982036299,-0.1470881906955276
1506,-1.1794601108967495,-0.0924341131449485
1507,-1.144371748176286,-0.012054821014607989
1508,-1.1107613883483505,0.07166679995390177
1509,-1.0769344933747222,0.1407595217714977
1510,-1.0382133990961633,0.1843610550567283
1511,-0.9914163834480727,0.19916375426963984
1512,-0.9368995522190925,0.1879686263650493
1513,-0.8775765030517284,0.1568733326702735
1514,-0.8168619126908091,0.11256254656029237
1515,-0.7573434561890788,0.0607410887079074
1516,-0.7004748617293821,0.005667841514903383
1517,-0.6468075567188892,-0.04972299856075366
1518,-0.596337560804947,-0.10352109808588933
1519,-0.5487883782741712,-0.1545488441735684
1520,-0.5037968201526155,-0.20213410741208312
1521,-0.46101946740604166,-0.24594667309655227
1522,-0.42018512062084173,-0.2858838315393751
1523,-0.38111362383363234,-0.32199077434352763
1524,-0.34371515041471956,-0.3544050349215855
1525,-0.307979154982617,-0.38331762336054664
1526,-0.27395882715936354,-0.40894595675194584
1527,-0.24175461239227256,-0.4315152728945706
1528,-0.21149883199290218,-0.45124620798006226
1529,-0.18334240822010295,-0.4683468495192168
1530,-0.15744403660723838,-0.48300799873192984
1531,-0.13396174748274775,-0.49540068116546376
1532,-0.11304658534126234,-0.5056751769638798
1533,-0.09483804722041572,-0.5139610256101702
1534,-0.07946091184989898,-0.52036760519713
1535,-0.06702312513500587,-0.5249849997909861
1536,-0.05761446088110357,-0.5278849551945225
1537,-0.05130573403326341,-0.5291217880056798
1538,-0.04814839927963548,-0.5287331597581344
1539,-0.048174417367778145,-0.5267406613112336
1540,-0.051396314457091564,-0.52315017633561
1541,-0.057807397439821905,-0.5179520101212702
1542,-0.06738212239201796,-0.511120784095359
1543,-0.08007664647288115,-0.5026151102900844
1544,-0.0958296279726083,-0.49237707651003243
1545,-0.11456337679356964,-0.48033159537711323
1546,-0.13618549969174407,-0.46638570262819284
1547,-0.16059123098871933,-0.45042793674385523
1548,-0.187666687662332,-0.4323279991810941
1549,-0.21729333119423255,-0.41193698985494953
1550,-0.24935394439629327,-0.3890886461580568
1551,-0.2837404171457025,-0.36360219949558104
1552,-0.3203635440383661,-0.3352877209667017
1553,-0.3591648130435249,-0.3039551882680076
1554,-0.4001297225950633,-0.26942901950430115
1555,-0.4433013788659955,-0.2315705705011656
1556,-0.4887918054886259,-0.19031221786988
1557,-0.5367862592032046,-0.1457083577883841
1558,-0.587532479259966,-0.09801119629793777
1559,-0.6413017485394175,-0.047782726644675505
1560,-0.6983019097277299,0.003941828416413378
1561,-0.7585164220139815,0.055422792464314266
1562,-0.8214482839603732,0.10391284561326583
1563,-0.8857918209555172,0.1453285585262697
1564,-0.9491915686888963,0.17407709121774162
1565,-1.0084916642289354,0.18345384817569685
1566,-1.0609782627960345,0.16719400987221197
1567,-1.1063978310573708,0.12237432472287516
1568,-1.147926391372525,0.05274160215770918
1569,-1.1898765156615787,-0.029148614204083663
1570,-1.2326872208856707,-0.10206349468044057
1571,-1.2700058449166074,-0.14009097018832556
1572,-1.2943410542068725,-0.12371895311147552
1573,-1.3076728166595835,-0.05490317538961606
1574,-1.3190720983350015,0.03828948485500106
1575,-1.329538365630817,0.1131715629467899
1576,-1.329226833291493,0.1328075208559629
1577,-1.3140643035161443,0.08785910433983048
1578,-1.2928919526340967,0.002071460335931195
1579,-1.2722848463335272,-0.08514105754216111
1580,-1.2474056606012354,-0.13940526871593462
1581,-1.2109985835484092,-0.14435841884503942
1582,-1.163890032206832,-0.10456588027656624
1583,-1.1128963637529303,-0.03734454786020917
1584,-1.0630833438731566,0.03829571920267649
1585,-1.0148537581245727,0.10769813678954233
1586,-0.9657299632498436,0.161931691051882
1587,-0.9130919376473038,0.19721906087409338
1588,-0.8558206191007782,0.21368698436825048
1589,-0.794492268446398,0.21384471743014086
1590,-0.7307068140737976,0.20116430378987576
1591,-0.6663090597187127,0.17908498502119105
1592,-0.602905692593436,0.1505146885290464
1593,-0.5416995738780542,0.11769745718263386
1594,-0.4835101580519434,0.08227169956765144
1595,-0.4288612412290103,0.04539406167228564
1596,-0.37807221679797776,0.007865012025188802
1597,-0.3313299797878191,-0.029767378413415684
1598,-0.2887386756487001,-0.06712926103111676
1599,-0.2503514659500295,-0.103964856338248
1600,-0.21618956497485997,-0.14009709509227977
1601,-0.18625289295260714,-0.17540032804045544
1602,-0.16052543936820302,-0.20978142907537858
1603,-0.13897737393503565,-0.24316662055488136
1604,-0.12156518235307402,-0.27549214267622324
1605,-0.10823059619228818,-0.30669746662543007
1606,-0.09889876204719857,-0.33672015576868003
1607,-0.09347589550343205,-0.36549175722300997
1608,-0.09184654877750753,-0.39293429689610126
1609,-0.09387056098907347,-0.4189570844100946
1610,-0.09937974272821434,-0.44345363259686316
1611,-0.10817436660348734,-0.4662985766714815
1612,-0.1200195939999505,-0.4873445547532259
1613,-0.13464207079850124,-0.5064190961405265
1614,-0.15172707804729035,-0.5233216669398815
1615,-0.17091683062647808,-0.5378211516165522
1616,-0.19181076911876468,-0.5496542049655319
1617,-0.21396895496182472,-0.5585250815004739
1618,-0.23691988621054996,-0.5641077091546584
1619,-0.2601740826679599,-0.5660508672153836
1620,-0.28324448574059463,-0.5639872756392976
1621,-0.305673922430959,-0.5575471167204755
1622,-0.32706852675108605,-0.5463759332506355
1623,-0.3471342365083193,-0.530156011165475
1624,-0.36571172074520003,-0.5086294305538616
1625,-0.3828040092396227,-0.48162026563827415
1626,-0.3985913309646958,-0.4490532825611356
1627,-0.4134294540013308,-0.410967144419475
1628,-0.4278307086365272,-0.3675215252210683
1629,-0.4424298392530514,-0.3189993036854525
1630,-0.45793872163599736,-0.26580667024397786
1631,-0.4750940759271365,-0.20847516407315966
1632,-0.49460056374027667,-0.14767025126512917
1633,-0.5170686127832522,-0.0842111672236215
1634,-0.5429427978321074,-0.01910647033499304
1635,-0.5724137261183792,0.04639118985764017
1636,-0.6053060312795648,0.11071033634119462
1637,-0.640941178786036,0.17187234286575895
1638,-0.677993439344097,0.22741168064473025
1639,-0.7143988998193785,0.2743551445164176
1640,-0.7474369949946993,0.309346068675314
1641,-0.77413543223417,0.329011394217977
1642,-0.7920484609486336,0.330595769810376
1643,-0.8001655878909605,0.31269795555037927
1644,-0.7994264564133896,0.2757654596076959
1645,-0.7924449034592861,0.22207004344098358
1646,-0.7825853306449614,0.15521513904798664
1647,-0.772924322758514,0.0794940440647349
1648,-0.7655210973758231,-0.0006107053676285366
1649,-0.7610888058776353,-0.08069975510572039
1650,-0.7589710299748947,-0.15657629165768974
1651,-0.757337953201866,-0.22434085577444282
1652,-0.7535929871213827,-0.2805672243353234
1653,-0.7449944071255995,-0.322593092254715
1654,-0.729392816245178,-0.34885255345003285
1655,-0.7058333917252211,-0.35908719697649377
1656,-0.6747521406572907,-0.35428754527180417
1657,-0.6377016080941355,-0.3363579511534419
1658,-0.5968078358895463,-0.30765111923260385
1659,-0.5542454717326157,-0.27055268036057867
1660,-0.5119016176373767,-0.22721563771189607
1661,-0.4712424619592796,-0.17944679235409983
1662,-0.4333154634162106,-0.1286973749584948
1663,-0.39881392839506113,-0.076106487624486
1664,-0.368155849060693,-0.022561960244920826
1665,-0.34155398706839646,0.031240020298805744
1666,-0.3190699394900212,0.08474395452328046
1667,-0.30065244326731405,0.13749430416439462
1668,-0.28616284715053286,0.18910404994335034
1669,-0.2753911007976381,0.239230855060994
1670,-0.26806522538169913,0.2875592111158728
1671,-0.26385670406560996,0.3337872855378795
1672,-0.2623838139981187,0.37761759449556853
1673,-0.2632146685105099,0.4187510011231806
1674,-0.2658716132165921,0.4568838478442958
1675,-0.2698385380579883,0.49170824820570247
1676,-0.2745725103358555,0.5229156577522973
1677,-0.2795207640209015,0.5502037786903655
1678,-0.2841433764300041,0.5732866002403669
1679,-0.2879408804362923,0.5919069398834761
1680,-0.2904847073438469,0.6058502980436435
1681,-0.2914470393321914,0.6149583169372261
1682,-0.29062583049750734,0.6191398452111203
1683,-0.2879608742744412,0.6183777368004884
1684,-0.28353803546053674,0.6127301206923074
1685,-0.27758088003143544,0.6023258503932588
1686,-0.27043129281293854,0.5873549019160371
1687,-0.26252252780212115,0.5680553196672532
1688,-0.2543489771467297,0.5446986947855417
1689,-0.24643669277168542,0.5175760672679262
1690,-0.23931765496916643,0.48698570236021316
1691,-0.23350942953720655,0.45322360814644075
1692,-0.22950060602163092,0.4165771194292662
1693,-0.2277414997975132,0.377321483441966
1694,-0.22863907959457608,0.33571917846233507
1695,-0.23255487650574808,0.2920216575301307
1696,-0.23980461833617042,0.24647329584432354
1697,-0.25065839385746935,0.1993174938592442
1698,-0.26534018838751167,0.15080512386536782
1699,-0.28402557421425173,0.10120579625985499
1700,-0.30683613613628674,0.05082276294750758
1701,-0.33382883243921235,1.2667089584870832e-05
1702,-0.36497794016047147,-0.0507882386299513
1703,-0.40014661065434004,-0.10102945543074189
1704,-0.43904470106719123,-0.1500012733534489
1705,-0.4811702900763928,-0.19677860517901108
1706,-0.525735903042254,-0.2401560057934307
1707,-0.5715899978349257,-0.27858370065188576
1708,-0.6171632039141375,-0.31012815300606034
1709,-0.6604967339281624,-0.3325001259260622
1710,-0.6994324605215632,-0.3432089130185999
1711,-0.7320211497671896,-0.33988926758933696
1712,-0.7570933903149928,-0.3207797147231794
1713,-0.7747647729097111,-0.28521975649001197
1714,-0.7865679219087038,-0.2339677697846547
1715,-0.7950637631429239,-0.1692168721295386
1716,-0.8030795404559915,-0.09436381097917182
1717,-0.8128767517648339,-0.013705386248745535
1718,-0.8254769537571028,0.06779543217321457
1719,-0.8402389280936136,0.1446639568943415
1720,-0.8547663656969285,0.2111186395520163
1721,-0.8653242442700647,0.26153407511821614
1722,-0.8679357852289659,0.29129394904866784
1723,-0.8599413818381934,0.29784863782243304
1724,-0.8411849405480838,0.28140791907216045
1725,-0.8139823053193551,0.24475040760495376
1726,-0.7819616068611281,0.19225201092929656
1727,-0.7486836106110857,0.12875116839466388
1728,-0.7167763032512431,0.05876092131595739
1729,-0.6876846484977296,-0.013872711003330401
1730,-0.6617924242532193,-0.08601576269240735
1731,-0.6386802303923557,-0.15516778346301463
1732,-0.6173999131328717,-0.21936656007194397
1733,-0.5967293563866541,-0.27711993243193633
1734,-0.5754027374561135,-0.32737019281995694
1735,-0.5523106252400303,-0.369477355393458
1736,-0.5266541705130874,-0.4032010023012007
1737,-0.4980339138589928,-0.4286634975405546
1738,-0.46646300987434086,-0.4462874684133326
1739,-0.43231289198796774,-0.4567126654986199
1740,-0.39621585107157103,-0.4607057490710279
1741,-0.35895487022093636,-0.4590779456560627
1742,-0.3213654415026145,-0.4526209654311368
1743,-0.2842625870413701,-0.4420648236749677
1744,-0.24839543944193393,-0.42805567729024624
1745,-0.21442499581530455,-0.41114890368983537
1746,-0.18291821119397933,-0.39181212062018456
1747,-0.1543519501975283,-0.37043367841023495
1748,-0.12912186623238353,-0.34733344434274815
1749,-0.10755297592033877,-0.322773905025549
1750,-0.08991007058460462,-0.2969705282188582
1751,-0.07640705102753108,-0.2701009347741026
1752,-0.06721484719336081,-0.24231279740966422
1753,-0.062467895589036926,-0.2137305837230258
1754,-0.06226928919059692,-0.18446136170954436
1755,-0.06669475535303748,-0.15459993465018979
1756,-0.07579559986414888,-0.12423360064654848
1757,-0.0896007029417706,-0.09344686191788165
1758,-0.10811757483656823,-0.062326455945555664
1759,-0.1313323739269364,-0.030967158070475932
1760,-0.15920865040808896,0.0005210732543217073
1761,-0.19168438981425862,0.03200385708891969
1762,-0.2286666759170998,0.06331005200987531
1763,-0.2700229605303016,0.09421498245387026
1764,-0.3155675329168241,0.1244174993630445
1765,-0.3650414132319037,0.1535087788850871
1766,-0.4180838209603591,0.18093066727023074
1767,-0.4741942307538758,0.20592211951578523
1768,-0.5326871194317779,0.22745499143908493
1769,-0.5926489677886724,0.2441670807007696
1770,-0.6529212490656228,0.25431340218992454
1771,-0.712153344411682,0.255777467610639
1772,-0.768984258332495,0.24620777186546958
1773,-0.822391389084535,0.22335285291862433
1774,-0.8721496819019628,0.1856336945234396
1775,-0.9191811100894345,0.13290845227807935
1776,-0.9654496025866584,0.06730625355258316
1777,-1.013117575814947,-0.005987860765465208
1778,-1.0629733289225802,-0.07808567581337474
1779,-1.1127088394517508,-0.13623892997786063
1780,-1.1566744201795618,-0.16538519513419933
1781,-1.1893248547209516,-0.15318301756098165
1782,-1.2109967154876387,-0.0977437200030303
1783,-1.2284397499832886,-0.012388571000784561
1784,-1.246810875891415,0.07671242205764672
1785,-1.2621671861667878,0.1382310609581358
1786,-1.265220495577978,0.14771851781574247
1787,-1.2539776075490514,0.1010648877222319
1788,-1.2366976147314421,0.017284994757404915
1789,-1.2201583501024953,-0.07276112009208004
1790,-1.2016302815060702,-0.13978953652825016
1791,-1.1736421064112983,-0.1654569321169686
1792,-1.1334514129563273,-0.14703307791255385
1793,-1.0854940153793917,-0.09478366611746783
1794,-1.036072354346741,-0.024168810428715503
1795,-0.9885578020140335,0.05059545105357767
1796,-0.9427451955963253,0.11910107547580975
1797,-0.8964969594724128,0.17496491848860174
1798,-0.8475782099310175,0.21526400154831277
1799,-0.7947775125784762,0.23973775725887203
1800,-0.7381656350385243,0.24988222828519163
1801,-0.6787611949888419,0.24807185651922345
1802,-0.618010630139105,0.23687209639890097
1803,-0.5573725404237098,0.2186219142641462
1804,-0.49809608792692944,0.19525532297069326
1805,-0.4411551421546576,0.1682779663861207
1806,-0.3872675843650231,0.1388193019178439
1807,-0.3369458275270418,0.10770847806662712
1808,-0.29054958274625103,0.07554774062901189
1809,-0.24832950907547455,0.04277355221457804
1810,-0.21045950382500206,0.009703846260034985
1811,-0.17705904043963208,-0.02342684978572868
1812,-0.14820788672572197,-0.05644181568447361
1813,-0.12395536504873077,-0.08920359698295217
1814,-0.10432582839638245,-0.12160050816566721
1815,-0.0893215350363044,-0.15353664400943182
1816,-0.07892370608314205,-0.18492426100150303
1817,-0.07309225413875703,-0.21567769207185877
1818,-0.07176445917244056,-0.245708173365913
1819,-0.07485271810186593,-0.27491911001583624
1820,-0.08224138998689344,-0.30320140738788565
1821,-0.09378268966931598,-0.33042856178751245
1822,-0.10929154809439065,-0.35645125593260774
1823,-0.1285393667668049,-0.38109125686049117
1824,-0.15124666901542694,-0.4041344887760324
1825,-0.17707482995241522,-0.4253232794607941
1826,-0.20561740509264176,-0.4443479944490793
1827,-0.23639214026856997,-0.4608386242735456
1828,-0.26883558602183477,-0.47435741999760545
1829,-0.3023033437881691,-0.4843943938592564
1830,-0.33608015803270225,-0.4903683448587451
1831,-0.36940486135586603,-0.49163680572653085
1832,-0.4015147285119578,-0.4875184934098941
1833,-0.43171103513120074,-0.4773308666328231
1834,-0.4594418783580712,-0.4604427480422636
1835,-0.48439035283455106,-0.4363377979978402
1836,-0.5065489141018972,-0.40468022722565333
1837,-0.5262585431243582,-0.3653718061317257
1838,-0.5441971110329702,-0.3185910522426709
1839,-0.5613136425572013,-0.2648116328390687
1840,-0.5787179268880273,-0.20480517595654782
1841,-0.5975413556636984,-0.13964034351319646
1842,-0.6187822192113357,-0.07069268330134544
1843,-0.6431398379062672,0.00032220739117881213
1844,-0.6708337658130746,0.07128638245660038
1845,-0.7014063246255309,0.13959558419825394
1846,-0.7335311406120081,0.20208590461328602
1847,-0.7649090230477359,0.2550441763261597
1848,-0.7924154421387589,0.29442115155766657
1849,-0.8126910664528733,0.3163650693363286
1850,-0.8231809789908504,0.3180550119503798
1851,-0.8231972451420289,0.29853619607033666
1852,-0.8143016478688978,0.2590906205666134
1853,-0.7996845374213114,0.202912342105316
1854,-0.7829645239806239,0.13433120646575417
1855,-0.767112478483543,0.05803975460849284
1856,-0.7538641233256153,-0.021403106432818664
1857,-0.7435805805350606,-0.09978916093437948
1858,-0.7353845994724938,-0.1733296302752293
1859,-0.7274614844263596,-0.2387084368113926
1860,-0.7174934394644018,-0.29319757067036917
1861,-0.7032016716633779,-0.3348387887381383
1862,-0.6828993759934674,-0.3626231767836681
1863,-0.6558849139180525,-0.3765622403081854
1864,-0.622529827310779,-0.3775780045537804
1865,-0.5840578852189898,-0.36723185455026586
1866,-0.5421580943025716,-0.34739088572494287
1867,-0.4986102961520079,-0.31993861398815243
1868,-0.45503079083814235,-0.28658693006252894
1869,-0.412753290665455,-0.24878998159225293
1870,-0.3728082199554442,-0.20773080220385598
1871,-0.33595433470069436,-0.16434775100399843
1872,-0.3027287332829718,-0.11937650734394455
1873,-0.2734964773643101,-0.07339369389738234
1874,-0.2484919560816645,-0.02685579211526108
1875,-0.22785016045355574,0.01986856964488111
1876,-0.2116286986019933,0.06647273212741882
1877,-0.1998222069660808,0.11269147276157486
1878,-0.19237080360558362,0.15828459651467863
1879,-0.18916392851074784,0.20302352638470056
1880,-0.19004057798663565,0.24667997192692942
1881,-0.19478667526379764,0.28901597860934397
1882,-0.20313017553687146,0.32977488926918264
1883,-0.21473451100673066,0.3686729917769208
1884,-0.22919117151844975,0.40539190785031093
1885,-0.2460126216934332,0.43957212285100006
1886,-0.26462739125416385,0.4708084799827281
1887,-0.28437999600487524,0.4986489455186437
1888,-0.3045391768633605,0.5225984090979713
1889,-0.3243184004540288,0.5421295288205077
1890,-0.3429120358493499,0.5567023718529047
1891,-0.3595484190747358,0.5657935106571111
1892,-0.37355680177992057,0.5689331516583132
1893,-0.38443959609246603,0.5657460931202233
1894,-0.3919363831941081,0.5559897687760013
1895,-0.3960646769665326,0.539581679020287
1896,-0.39712638469492595,0.5166101418512674
1897,-0.3956775594996759,0.4873263146965282
1898,-0.39246881303244757,0.452120292859337
1899,-0.38837031380875797,0.41148774055837284
1900,-0.38429629929987863,0.3659946882925959
1901,-0.38114023491344845,0.3162469525360962
1902,-0.3797258457209246,0.26286820811421896
1903,-0.3807738501126725,0.20648830650177116
1904,-0.3848806923758778,0.14774173986229458
1905,-0.3925039739911154,0.08727536772250401
1906,-0.403949027260381,0.025764432678950996
1907,-0.41935152088895816,-0.036063876974843846
1908,-0.43865182200078723,-0.09739991551884564
1909,-0.46155825389704913,-0.15731512293748143
1910,-0.4874991912293564,-0.2147221830947455
1911,-0.5155695774831992,-0.2683378287716001
1912,-0.5444876260294502,-0.31666037536577746
1913,-0.5725924071511732,-0.35798225914891424
1914,-0.5979275831821627,-0.39046461255096127
1915,-0.6184555486359965,-0.41229745333467643
1916,-0.6324074381179277,-0.4219438660218914
1917,-0.6386919754453133,-0.418418153789333
1918,-0.6372046603061727,-0.4015021079659935
1919,-0.628882291848986,-0.3718058281070009
1920,-0.615468067218802,-0.3306472202943922
1921,-0.5991023153838475,-0.27981149484697876
1922,-0.5819120199181176,-0.2212920304840859
1923,-0.565717325688397,-0.1570902704989604
1924,-0.5518805522374252,-0.08910163397115224
1925,-0.5412628039633528,-0.019075912967004668
1926,-0.534238912237059,0.05137418076129245
1927,-0.5307337701195319,0.12074169739100322
1928,-0.5302622638092124,0.187590642657796
1929,-0.5319715817422277,0.25053162775722204
1930,-0.534696395483772,0.3082185878243976
1931,-0.5370434540614424,0.3593744189954588
1932,-0.5375202355811911,0.4028486378949179
1933,-0.5347094164725346,0.43770138459142155
1934,-0.5274676769650243,0.46329600265707427
1935,-0.5151032790405031,0.479372344004211
1936,-0.497478963310135,0.48607289900970785
1937,-0.4750067915254294,0.48390791990887133
1938,-0.4485417674110874,0.47366800921035546
1939,-0.41921677182010625,0.4563102870573458
1940,-0.3882721940560488,0.43284796808979054
1941,-0.35691956915899403,0.40426420776187566
1942,-0.3262546271520182,0.37145767935753204
1943,-0.29721598583025005,0.3352169307454234
1944,-0.27057668318519534,0.2962157339294084
1945,-0.24695486199488534,0.2550212296434789
1946,-0.22683298793667572,0.2121084384985861
1947,-0.21057882224322605,0.16787694960634808
1948,-0.19846447981801935,0.12266747543621083
1949,-0.1906819372277051,0.07677726310338087
1950,-0.18735447945081243,0.030474150529218882
1951,-0.18854407875379833,-0.015990497425756152
1952,-0.19425483187856085,-0.06236950603046246
1953,-0.20443251507649568,-0.10840768274941896
1954,-0.21896016269736995,-0.15382906314767267
1955,-0.2376494176651511,-0.1983230012095477
1956,-0.2602273312594451,-0.2415285852257173
1957,-0.2863184395939143,-0.2830170984908474
1958,-0.3154225334757761,-0.32227275407625877
1959,-0.34688989522765806,-0.35867290000135527
1960,-0.3798983004765937,-0.39147053045028357
1961,-0.4134400340080955,-0.4197843712471801
1962,-0.4463321198610943,-0.4426047633226285
1963,-0.47726688379669135,-0.45882590126364575
1964,-0.5049184504575083,-0.46731428632428446
1965,-0.5281081133850971,-0.4670163958031268
1966,-0.5460055959545496,-0.45709422344162903
1967,-0.5583129677123897,-0.4370598607168079
1968,-0.5653644239448988,-0.4068706335272939
1969,-0.5680965936054112,-0.3669550404360594
1970,-0.5678943019151356,-0.31816563478532334
1971,-0.5663639461429048,-0.26168282814700355
1972,-0.5651013375089735,-0.19890684845869425
1973,-0.5655013290411945,-0.13136979280034153
1974,-0.5686238010622879,-0.06068432481171021
1975,-0.5751055954470924,0.011469478198719475
1976,-0.5850988739963621,0.08332757012581238
1977,-0.5982213329416529,0.15301003790775458
1978,-0.6135187574218239,0.21849347001427502
1979,-0.6294625555330265,0.2776138975819641
1980,-0.6440287135775945,0.3281327016764325
1981,-0.6549146822734778,0.3678945883560438
1982,-0.6599199689170518,0.3950803826289883
1983,-0.6574278177896565,0.40850310248944954
1984,-0.6468182004496802,0.40783965049202464
1985,-0.6286176513710239,0.3936870353891641
1986,-0.6043123261493811,0.36740863444096944
1987,-0.5759336778238262,0.33084160687300584
1988,-0.5456161335827331,0.2859869084635258
1989,-0.5152752302349136,0.23477409772426439
1990,-0.4864464116258824,0.17893020828328215
1991,-0.4602493096480906,0.11993567948906407
1992,-0.4374216780446004,0.05903477221952268
1993,-0.4183786434664825,-0.0027279806858962717
1994,-0.4032718689248782,-0.06446367238760947
1995,-0.392037960651429,-0.12539694694609532
1996,-0.3844340794724249,-0.18483015434110975
1997,-0.38006295382105637,-0.24211518140836022
1998,-0.37839134755728426,-0.2966333618326334
1999,-0.37876682012353774,-0.34778370920005763
2000,-0.380437884673068,-0.39497985784707623
